x_um,Ex_real_Vpm,Ex_imag_Vpm,Ey_real_Vpm,Ey_imag_Vpm,Ez_real_Vpm,Ez_imag_Vpm
-8.209982481318667,366.6287213645919,-89.90378661092109,-520006.3172638988,-299198.38791435026,-10788.712510623227,-15144.198709173754
-8.193931684678748,509.6207291048486,-307.2911075898446,-519474.8177177957,-297688.9373869305,-11275.73795553663,-15074.221602934605
-8.177880888038828,2514.6350680736505,-776.0345552274957,-517269.85986746766,-295701.25046376686,-11386.557226222343,-15040.054307932172
-8.16183009139891,3823.1925043902374,111.93528918547963,-515664.70539473684,-291692.93788412923,-11260.391207052453,-15010.143398723536
-8.14577929475899,5291.071118327007,876.2940089580079,-514226.21144140896,-286695.52480941295,-11501.047567865957,-14756.290154910934
-8.129728498119071,5172.863929676969,815.0322945894331,-511204.0459257649,-280682.1701917056,-11276.89061940369,-15093.22339792255
-8.113677701479151,5762.171856928755,121.36716183483122,-507650.9247341188,-273701.1131677708,-10736.159616828867,-14731.616052692334
-8.097626904839233,6147.447806471762,-795.7425085144278,-503833.93695674837,-266039.621763912,-10140.428002714183,-14327.593191988559
-8.081576108199313,6970.785536358009,-319.45540470416745,-499841.4388592345,-256955.15406394465,-9606.61371234557,-14179.309700571775
-8.065525311559394,7794.123266244322,156.83169910605466,-495556.2645668868,-247278.59933979964,-9054.278212453151,-13986.86489614431
-8.049474514919474,8617.460996130638,633.1188029163222,-490978.41407970374,-237009.9575914745,-8483.42150303669,-13750.258778706055
-8.033423718279556,9440.798726016863,1109.4059067265362,-486107.8873976869,-226149.22881897187,-7894.04358409642,-13469.491348257128
-8.017372921639636,10264.136455903232,1585.693010536801,-480944.6845208345,-214696.4130222889,-7286.144455631584,-13144.56260479719
-8.001322124999717,11087.47418578936,2061.9801143469576,-475488.8054491478,-202651.51020142838,-6659.7241176432,-12775.47254832671
-7.985271328359798,12357.504453856905,1534.18542064364,-470333.41674427496,-189014.97080613216,-6284.952736011939,-12558.475660728378
-7.969220531719879,11237.08322143351,1477.6860709712491,-462664.53857671807,-175826.44518285902,-5248.880728186719,-11503.113787630951
-7.9531697350799595,10576.90491437752,-3456.076350792573,-455213.092666731,-161309.57286558498,-4493.520669662379,-11876.888977549905
-7.93711893844004,13067.627277137464,452.2562266259192,-446533.4317157532,-145554.8661225948,-5349.954889307424,-13134.501486238474
-7.921068141800121,13355.472568178651,850.4037126350158,-437963.21826583234,-130058.07343481074,-4977.455950672622,-12170.359137206891
-7.905017345160202,13355.559339038737,3049.4113093399233,-429600.82645087095,-111288.9967260102,-4930.189150379854,-8761.704508948156
-7.888966548520283,14007.369038874669,3015.729887206099,-419964.6486019619,-95574.98818964568,-3879.8034307208072,-8536.696507644185
-7.872915751880364,14659.17873871068,2982.0484650722697,-410090.9388306207,-79814.07460045713,-2827.9355490275893,-8311.532389458007
-7.856864955240445,15310.988438546714,2948.3670429384406,-399979.69713684777,-64006.25595844544,-1774.5855053004452,-8086.212154389635
-7.8408141586005256,15962.798138382721,2914.6856208046133,-389630.9235206444,-48151.53226361238,-719.7532995394322,-7860.7358024391
-7.824763361960606,16614.607838218755,2881.0041986707843,-379044.6179820099,-32249.903515957063,336.5610682554834,-7635.103333606383
-7.808712565320687,17266.417538054753,2847.3227765369547,-368220.78052094416,-16301.36971547947,1394.3575980843925,-7409.314747891481
-7.792661768680768,17848.44244375125,-2391.2175800349924,-357027.24395355064,3094.459737516183,2388.505393894593,-7661.926918386192
-7.7766109720408485,18105.069328009893,-2016.322659500571,-345272.92018131126,17961.700290914403,3227.7242873019713,-6032.854029805683
-7.760560175400929,18361.696212268347,-1641.4277389661247,-333355.7380217176,32626.853707204406,4061.1133567125507,-4400.222184350115
-7.74450937876101,18378.571043690376,5832.112672414534,-321283.00575843564,46526.74172582278,4957.583187527199,-5918.1623134899755
-7.728458582121091,18559.949622579956,5610.382020525472,-309111.0723400779,60745.81480636061,5748.82443148319,-5634.173731489946
-7.7124077854811715,18741.3282014696,5388.651368636402,-296772.6014968266,74469.28578018627,6530.217104644622,-5332.368607753571
-7.696356988841252,18922.70678035906,5166.920716747398,-284267.59322868125,87697.15464730057,7301.761207011592,-5012.746942280875
-7.680306192201334,19104.085359248646,4945.190064858363,-271596.0475356432,100429.42140770206,8063.45673858388,-4675.3087350718215
-7.6642553955614146,19313.96951206935,4489.406642096298,-258775.55862055995,113171.18582554368,8823.069675680947,-3924.5674176183966
-7.648204598921495,19461.092676562726,4087.9203594919704,-245570.9249970056,125664.10352236332,9789.403961922222,-2904.921736825827
-7.632153802281576,19608.21584105608,3686.4340768875877,-232173.35467867454,137640.09229074293,10752.731122777932,-1900.7948817846682
-7.616103005641657,19755.33900554939,3284.9477942832978,-218582.8476655692,149099.15213068062,11713.051158247888,-912.1868524950987
-7.6000522090017375,19902.462170042745,2883.4615116789437,-204799.40395768735,160041.28304217846,12670.364068332306,60.90235104309886
-7.584001412361818,20049.585334536092,2481.9752290746037,-190823.02355502977,170466.48502523577,13624.669853031084,1018.4727288297781
-7.567950615721899,20094.54693352201,4010.890957545216,-176865.46999423625,186667.6941518222,14677.927402880814,-2412.4501284502694
-7.55189981908198,21094.603879024966,-4008.822655716176,-161699.26701705268,193165.30473954417,14756.668966387759,2072.651372266345
-7.5358490224420605,18868.49283577757,5960.042285581265,-146069.18817888197,195592.0156534886,14832.415950231607,3759.172525879856
-7.519798225802141,18887.7559077388,7855.532501240625,-131595.40006772097,201325.44686807555,14968.768545853482,4745.06568406535
-7.503747429162223,18907.018979700093,9751.022716899737,-116993.26115609116,206217.05937132932,15094.14041072622,5737.925583248369
-7.487696632522303,20422.338923669948,9325.637691592276,-102285.17409075992,209307.6309116221,16188.39310045181,5693.127249184483
-7.471645835882384,20062.95949311623,8773.518467184618,-88037.14451254325,211369.7373069352,16435.065316909386,5592.787785522461
-7.455595039242465,19703.580062562494,8221.399242776823,-73750.99133564718,212511.75221322395,16646.891088593195,5487.823160049037
-7.439544242602546,19344.200632008753,7669.280018369042,-59426.714560072476,212733.67563048837,16823.8704155031,5378.233372764802
-7.4234934459626265,18549.74423863725,7798.0846451414545,-44827.72937407428,211956.70801080376,15732.598369504907,5346.662925741708
-7.407442649322707,18643.2142801508,8777.09679397814,-30629.244299903556,210049.1247158105,16170.964301073585,6662.579329727043
-7.391391852682788,18736.684321664346,9756.10894281479,-16494.601526370247,207324.64479858702,16578.86332385043,7966.010817206552
-7.375341056042869,18830.15436317789,10735.121091651454,-2423.8010534742934,203783.26825913304,16956.295437835466,9256.957388180177
-7.3592902594029495,18496.347213726276,9447.820647101562,10859.408750180104,194794.98241330084,16760.311625497146,7213.930677725286
-7.34323946276303,17970.83855558462,9098.407538657282,24030.046601930564,187929.99472084464,16485.94435172318,7263.100752958731
-7.327188666123111,17445.32989744296,8748.994430212957,37064.94807949238,180301.79079780352,16171.850849972161,7300.858209538959
-7.311137869483192,16262.63574031969,9619.193068406586,49925.644583089874,170347.27296285628,15785.39970502717,7514.9133588708455
-7.295087072843273,16190.84468296423,10294.815490595862,61922.47319057442,159116.1606547165,15567.473998113244,7693.417496108484
-7.279036276203353,16119.053625608789,10970.437912785272,73613.34943683558,147298.17378364224,15297.531065814934,7869.722414189759
-7.262985479563435,16047.262568253322,11646.060334974547,84998.27332187073,134893.31234963605,14975.570908132331,8043.828113114736
-7.2469346829235155,15685.408413057194,11882.458212753456,97204.14887713475,124056.3470487526,15165.552061793125,9313.289155828403
-7.230883886283596,16195.61428053851,13115.029067905987,109401.76257978272,110627.76603317453,14503.457198215205,9222.154270126723
-7.214833089643677,15333.690318616107,12990.320741439886,120060.39119939391,95128.01787697236,14137.019523654868,9585.098079741432
-7.198782293003758,14471.766356693879,12865.612414973839,130461.60201942612,78941.28424156795,13749.910951032582,9904.569895714796
-7.1827314963638385,13609.842394771706,12740.904088507797,140605.39503987913,62067.56512696121,13342.131480348395,10180.569718046838
-7.166680699723919,12747.918432849448,12616.195762041749,150491.7702607528,44506.860533152125,12913.681111602336,10413.097546737574
-7.150629903084,11885.994470927224,12491.487435575717,160120.72768204703,26259.17046014073,12464.559844794436,10602.153381786984
-7.134579106444081,11024.070509004981,12366.779109109644,169492.26730376226,7324.494907927026,11994.767679924702,10747.737223195107
-7.118528309804161,11742.735725083308,12113.639241350204,177889.53393670107,-12397.586759424363,11461.975758272683,10881.891504779134
-7.102477513164242,11081.235503378439,12523.40040712135,185677.4145976364,-33039.68516731301,10987.872149093171,11020.821111511665
-7.086426716524324,10419.735281673635,12933.161572892468,193020.77813625804,-53960.96868274326,10482.286374465104,11131.839796541626
-7.070375919884404,9758.235059968718,13342.922738663638,199919.62455256685,-75161.43730571862,9945.218434388305,11214.947559869035
-7.054325123244485,9096.73483826388,13752.683904434765,206373.9538465617,-96641.09103623441,9376.668328863016,11270.144401493882
-7.038274326604566,9663.014501610674,14225.44870111335,212441.24857142722,-118287.66041672345,6518.0669870856145,11114.143603741668
-7.022223529964647,9273.33928790191,14474.35334877369,218462.327275113,-139878.9146136048,5656.428503760924,11160.985513560756
-7.0061727333247275,8883.664074193151,14723.25799643404,224063.90355673915,-161797.52625468446,4772.769463070956,11185.667681353532
-6.990121936684808,5410.252420055427,9045.510533544457,225460.47212117125,-191264.60731462805,4314.188927034313,11947.945313979797
-6.974071140044889,8551.871629574109,11368.441620221973,228254.91868849838,-215622.62902493856,3771.2621679998974,11550.942881347579
-6.95802034340497,7918.526507628404,15755.977545542599,230985.06638666047,-235188.38389652816,2635.192989513085,14907.391391115958
-6.94196954676505,6297.35519660096,13939.407812002792,232376.3209477483,-254882.21163407006,609.6898718432003,12166.56568140947
-6.925918750125131,5783.667884474529,13932.675454794859,232057.25975792913,-276383.3709660382,-61.97249078301115,11667.40538150907
-6.909867953485212,5269.980572348159,13925.94309758686,231228.2413023521,-297525.66688808776,-748.8821162146438,11116.545182434602
-6.893817156845293,4756.293260221854,13919.21074037873,229889.26558101733,-318309.0994002182,-1451.0390044517335,10513.985084185926
-6.877766360205374,4242.605948095457,13912.478383170783,228040.33259392454,-338733.66850242845,-2168.443155494174,9859.725086763172
-6.861715563565454,3728.918635969098,13905.746025962731,225681.44234107397,-358799.37419472233,-2901.094569342269,9153.76519016645
-6.845664766925536,3215.231323842821,13899.013668754587,222812.59482246556,-378506.21647709503,-3648.993245995679,8396.105394395567
-6.8296139702856165,2701.5440117164735,13892.28131154648,219433.79003809945,-397854.1953495503,-4412.139185454756,7586.745699450843
-6.813563173645697,2459.712234482635,12085.01647439078,215527.66187477903,-416923.63227709476,-5122.6658449622355,7192.066496172101
-6.797512377005778,2503.130661089235,11609.82726020561,211029.0333444075,-435589.4482347882,-5743.940758402066,6391.391716600629
-6.781461580365859,2546.549087695763,11134.638046020467,205934.68969350262,-453669.4853405706,-6353.91300225642,5568.108865616377
-6.765410783725939,2589.9675143023196,10659.448831835325,200244.63092206427,-471163.74359444156,-6952.58257652547,4722.2179432196135
-6.74935998708602,2633.3859409088327,10184.259617650212,193958.8570300925,-488072.22299640154,-7539.949481209042,3853.7189494100458
-6.733309190446101,735.0900481026038,10209.345000024798,185939.95907671074,-503661.02334554645,-9667.062741467205,3583.436379488121
-6.717258393806182,28.523875794082414,10687.611840780723,178177.684815089,-517916.9717985712,-10659.48899530281,3868.5654680518783
-6.701207597166262,-678.0422965144971,11165.878681536939,169953.463008099,-531483.8115692743,-11629.762568839084,4149.505806826579
-6.685156800526343,-1384.6084688230403,11644.145522292965,161267.2936557407,-544361.5426576558,-12577.883462075948,4426.257395812019
-6.669106003886425,1086.6716464434448,6946.541672086518,150506.39146544886,-552550.9414034013,-13016.902701286774,3043.823279345219
-6.653055207246505,796.7502691636028,8659.834979221101,139764.65584382528,-565247.4409654781,-13910.333923753242,4558.1138206353935
-6.637004410606586,577.813863768868,8992.648048534335,128350.82207518934,-572389.2551362712,-14658.432796660676,3868.2537819420104
-6.620953613966667,358.8774583741033,9325.46111784759,116661.8329950703,-578623.2392211338,-15374.240459455325,3166.0442075671745
-6.604902817326748,139.94105297934402,9658.274187160947,104697.68860346888,-583949.3932200659,-16057.756912137167,2451.48509751074
-6.588852020686828,-78.99535241543163,9991.08725647445,92458.38890038505,-588367.7171330675,-16708.98215470624,1724.5764517729986
-6.572801224046909,-18.53695655469346,11476.92558526076,79888.24015424692,-592987.2184445427,-17366.76513433391,-602.6531421917025
-6.55675042740699,-43.18929424054659,11047.932553463499,67076.19782235647,-595307.7404041031,-17774.45244299742,-746.1705783372745
-6.540699630767071,-67.84163192642154,10618.939521666238,53879.68549426747,-596706.0930635389,-18147.25409694162,-890.7848235239508
-6.524648834127151,-92.49396961231105,10189.946489869268,40298.70316997994,-597182.2764228508,-18485.170096166585,-1036.4958777512948
-6.508598037487232,-117.14630729814962,9760.953458071803,26333.25084949384,-596736.2904820379,-18788.200440672277,-1183.303741019874
-6.492547240847313,-141.7986449840755,9331.960426274949,11983.328532809199,-595368.135241101,-19056.34513045867,-1331.2084133293192
-6.476496444207394,447.57043978689535,7600.097027890151,-3208.882535044564,-591980.7010971288,-19032.341293861587,-2111.8802103802445
-6.460445647567475,502.3881703248421,5517.945234384359,-17831.012748133966,-587527.6567347656,-19393.156391385073,-3094.579611669731
-6.444394850927555,557.2059008627742,3435.793440877693,-32578.991425653017,-582179.3088063993,-19712.396092837076,-4072.638452147483
-6.428344054287637,612.023631400666,1353.64164737158,-47452.81856759852,-575935.6573120315,-19990.060398217527,-5046.056731813704
-6.412293257647717,-3532.0967315992602,-4711.025875847787,-64436.744988590144,-569930.8268586939,-19929.6356648533,-6593.072414685477
-6.396242461007798,-369.3387608240155,1343.215929671307,-79360.47091571824,-558920.6815724972,-20885.201198408537,-8925.469169679669
-6.380191664367879,282.08178651594426,1548.8789679404872,-94675.72612498041,-548623.5439341672,-20425.23214610746,-8842.761267393362
-6.36414086772796,933.5023338559404,1754.5420062096673,-109959.31446865227,-537566.3671290365,-19900.143075177813,-8749.547110309504
-6.34809007108804,1584.9228811960274,1960.2050444791093,-125211.23594673365,-525749.1511571042,-19309.933985619457,-8645.826698427874
-6.332039274448121,2236.3434285360963,2165.8680827485223,-140431.4905592247,-513171.89601837116,-18654.60487743254,-8531.60003174885
-6.315988477808202,3610.953751609028,3216.426462159754,-157573.63114076303,-502098.7293139242,-20409.06228442768,-11270.322766044483
-6.299937681168283,4408.2602558185035,3553.76370444836,-173056.93433070928,-488171.9588659764,-19837.822022704924,-11129.8316993361
-6.283886884528364,5205.566760027916,3891.100946736802,-188565.22150383648,-473485.6764950402,-19233.51542104414,-10980.895242766448
-6.267836087888444,1952.7353278240548,240.20277421151286,-200114.69197967128,-454151.3612808852,-19248.206195940547,-11388.951493890718
-6.251785291248526,6807.196868026142,-331.9564492878545,-216489.39086541772,-437353.44542241265,-14431.560275238675,-10217.464430595002
-6.2357344946086055,5945.424288170096,-1549.5719441938127,-231074.14465970267,-419125.7736704097,-14128.019479071703,-10706.176576967593
-6.219683697968687,6018.602490974023,-1954.8421283721254,-244465.3803835755,-399384.0093366479,-14669.981403300857,-11522.983531392107
-6.203632901328768,6162.912149141193,-2464.3505213146564,-257535.15352320854,-379303.3963321258,-14853.514566337672,-12258.560757667301
-6.187582104688849,6307.221807308466,-2973.8589142570418,-270218.44151906564,-358930.9555727303,-15018.647930008225,-12950.494543847617
-6.171531308048929,6451.53146547584,-3483.3673071993253,-282515.2443711471,-338266.6870584614,-15165.381494312489,-13598.784889932875
-6.15548051140901,6595.841123643098,-3992.87570014174,-294425.56207945314,-317310.5907893196,-15293.715259250675,-14203.431795923389
-6.139429714769091,6740.150781810371,-4502.38409308414,-305949.3946439836,-296062.66676530463,-15403.649224822519,-14764.435261818988
-6.123378918129172,6884.460439977585,-5011.892486026569,-317086.7420647382,-274522.9149864162,-15495.183391028244,-15281.795287619672
-6.107328121489252,7028.770098144858,-5521.400878968998,-327837.6043417172,-252691.3354526547,-15568.317757867626,-15755.511873325355
-6.091277324849333,7173.0797563121305,-6030.909271911369,-338201.98147492064,-230567.92816401998,-15623.052325340843,-16185.585018936254
-6.075226528209415,7000.512777227777,-5459.524833391718,-348077.94522673055,-208247.2652786277,-15294.990703250243,-16500.110653481104
-6.0591757315694945,8869.182055228317,-5966.588134439828,-357020.3038620724,-186334.61136287055,-13967.973500834782,-16398.13737886367
-6.043124934929576,10737.851333228558,-6473.651435487995,-365424.08579558606,-164458.36815450725,-12632.760605015932,-16258.07222447592
-6.027074138289656,12606.520611229149,-6980.714736536149,-373289.2910272741,-142618.5356535335,-11289.352015793684,-16079.915190318066
-6.011023341649738,14475.189889229609,-7487.7780375841485,-380615.9195571344,-120815.11385995384,-9937.747733168304,-15863.666276390106
-5.994972545009818,16343.859167229632,-7994.841338632452,-387403.9713851679,-99048.10277376439,-8577.947757139353,-15609.325482691884
-5.978921748369899,13451.898832503866,-9735.581609422057,-388673.4020939963,-75710.70577526615,-6605.599788430001,-15091.726571329938
-5.96287095172998,13724.543210244505,-9630.141094440656,-393656.0226662635,-54478.17679763975,-6372.804380262503,-15236.749260743203
-5.946820155090061,13997.187587985187,-9524.700579459255,-398062.24738496216,-33395.48512983088,-6115.392440875788,-15357.920969297424
-5.930769358450141,14269.83196572581,-9419.260064477856,-401892.07625009236,-12462.630771839438,-5833.3639702698565,-15455.2416969926
-5.914718561810222,17281.413615068304,-8866.716240854445,-406478.62701850315,8041.790765198931,-2430.565645036393,-14904.039945693268
-5.898667765170303,17440.482055481116,-8721.287816563057,-408241.04652888677,28585.974929255553,-2457.8180692941314,-14644.28028931579
-5.8826169685303835,21262.332255253375,-11161.013673655088,-408121.33968386357,47906.50077508526,-1922.507504693226,-15055.271028776384
-5.866566171890465,15698.294603817852,-8144.793534441677,-411128.98010199354,68609.26561548945,-617.8145594988002,-15695.408265960637
-5.850515375250545,16591.071031365063,-9110.709172697898,-409844.3182584031,86598.27186112461,-221.74993611591898,-15247.169175717914
-5.834464578610627,17483.847458912252,-10076.624810954034,-407987.5193762538,104080.40335383893,190.25084829997195,-14743.970743485117
-5.8184137819707065,18376.62388645939,-11042.540449210232,-405558.5834555451,121055.66009363628,618.1877937492992,-14185.812969262131
-5.802362985330788,19269.400314006518,-12008.45608746634,-402557.5104962778,137524.04208051297,1062.0609002318677,-13572.695853049137
-5.786312188690869,20162.17674155366,-12974.371725722505,-398984.3004984511,153485.54931447166,1521.870167747571,-12904.619394845977
-5.77026139205095,21054.95316910084,-13940.28736397866,-394838.9534620655,168940.1817955115,1997.6155962967669,-12181.58359465269
-5.75421059541103,21947.72959664803,-14906.203002234844,-390121.46938712086,183887.93952363255,2489.2971858790097,-11403.588452469276
-5.738159798771111,21312.704626852574,-13674.120882093317,-384132.1874662957,197037.14277672494,3370.3590096738662,-12012.5936770898
-5.722109002131192,21634.236561489117,-13069.27228244253,-378285.27580287366,210126.7265420254,3337.8592095197237,-12018.84471423633
-5.7060582054912725,21955.768496125616,-12464.423682791617,-371863.3602645984,222684.06788655225,3294.471499533305,-11992.488047178143
-5.690007408851354,22277.30043076203,-11859.575083140764,-364866.4408514702,234709.16681030483,3240.1958797145926,-11933.523675915218
-5.673956612211434,24656.468520682716,-15906.414214410328,-358936.4247955324,246133.23956691223,8459.336212840313,-14035.413808719604
-5.657905815571516,24618.178823363738,-15682.157922227532,-349935.2331409527,255167.40076963435,8112.586214978783,-13207.008828399701
-5.6418550189315955,24579.88912604467,-15457.901630044635,-340587.57458111166,263609.00802486605,7770.279278383616,-12366.557458576557
-5.625804222291677,24541.599428725698,-15233.645337861844,-330893.449116011,271458.06133260555,7432.415403054787,-11514.05969925024
-5.609753425651757,24503.30973140663,-15009.389045678943,-320852.856745649,278714.5606928547,7098.994588992442,-10649.51555042075
-5.593702629011839,24465.020034087636,-14785.132753496111,-310465.79747002746,285378.5061056117,6770.016836196519,-9772.92501208822
-5.577651832371919,24426.730336768636,-14560.876461313273,-299732.2712891448,291449.8975708778,6445.482144666996,-8884.288084252505
-5.561601035732,24388.4406394496,-14336.620169130423,-288652.27820300194,296928.7350886528,6125.390514403713,-7983.6047669135005
-5.545550239092081,24350.150942130545,-14112.363876947558,-277225.81821159855,301815.0186589365,5809.7419454069895,-7070.875060071441
-5.5294994424521615,24828.478808637985,-14786.291624714315,-264379.34703752014,304561.1027177145,6093.062139837988,-6985.196994682483
-5.513448645812242,24891.161611090953,-15553.014468308276,-251904.24394287192,307241.18311962584,6086.461032722276,-6646.179413619393
-5.497397849172323,24953.844413543884,-16319.737311902281,-239142.06502735827,309308.2497232325,6073.660219318888,-6284.85236784516
-5.481347052532405,25016.527215996735,-17086.46015549617,-226092.81029097998,310762.3025285345,6054.6596996273,-5901.215857359202
-5.4652962558924845,25079.210018449667,-17853.182999090146,-212756.47973373462,311603.34153553174,6029.459473647803,-5495.269882161781
-5.449245459252566,24637.138920114878,-12831.583502771042,-199373.3185022691,313208.9142892419,5716.869227746909,-1694.858695871444
-5.433194662612646,24917.801992039458,-14024.30975408066,-185977.43686400203,312757.9278257197,5918.171704484874,-2374.643247125685
-5.417143865972728,25738.056498970673,-18562.20046831232,-172984.35502208077,314525.92214188323,6513.052343260574,-5332.644253006152
-5.401093069332807,25568.778669439358,-18595.15260996755,-159442.38212299946,312254.88149145903,6198.593223765843,-4380.218170912989
-5.385042272692889,25399.50083990809,-18628.104751622875,-145964.69215259634,309590.2824867533,5874.873267923246,-3441.3101570538092
-5.36899147605297,25230.223010376787,-18661.056893278168,-132551.28511086936,306532.12512776576,5541.892475732707,-2515.9202114285417
-5.3529406794130505,25060.945180845538,-18694.009034933428,-119202.16099781927,303080.40941449715,5199.650847194237,-1604.048334037093
-5.336889882773131,24891.667351314256,-18726.961176588757,-105917.31981344592,299235.1353469465,4848.148382307865,-705.694524879591
-5.320839086133212,24722.389521782952,-18759.91331824406,-92696.76155774937,294996.3029251144,4487.385081073568,179.14121604402226
-5.304788289493293,24553.1116922517,-18792.86545989938,-79540.48623072976,290363.9121490009,4117.3609434913515,1050.4588887337177
-5.2887374928533735,24383.833862720403,-18825.817601554612,-66448.49383238688,285337.9630186057,3738.075969561226,1908.2584931895126
-5.272686696213455,23693.130179045093,-19649.87291313131,-53649.82707399324,279548.0379159102,3120.516788319635,2332.9683393780433
-5.256635899573535,22591.220995432475,-21187.34720157428,-41074.13141837227,274207.06401225476,2357.392036974744,2540.191073881915
-5.240585102933617,22166.806265664585,-21550.56557857209,-29053.946796688906,267781.5779994752,1891.3303117329533,3321.089268207198
-5.224534306293696,22305.636697800583,-19361.052624873082,-17454.10346584379,261360.32069196436,1236.379346182056,3004.8570393373184
-5.208483509653778,22123.02755748405,-20053.660913405372,-6237.8821833623015,254731.48145489662,722.211156919404,3716.507539252985
-5.192432713013858,21940.41841716747,-20746.269201937837,4668.486009124337,247971.79402769354,206.05638132088825,4404.897443836213
-5.1763819163739395,21757.809276850952,-21438.877490470164,15265.001111613732,241081.25841035674,-312.0849806133865,5070.026753086786
-5.16033111973402,21575.200136534404,-22131.485779002593,25551.66312410764,234059.87460288475,-832.212928883484,5711.89546700495
-5.144280323094101,21392.59099621784,-22824.094067534832,35528.4720466055,226907.6426052782,-1354.327463489397,6330.503585590486
-5.128229526454182,21209.98185590129,-23516.702356067348,45195.42787910735,219624.5624175372,-1878.428584431138,6925.851108843504
-5.1121787298142625,20798.52984186298,-24383.633520513038,54207.99908603435,212186.41884660276,-2586.466671458471,7415.206208467731
-5.096127933174343,19913.95428442597,-24239.2227955543,62524.15013857372,205251.14060780726,-3406.244076162082,8067.355877788839
-5.080077136534424,19029.378726988954,-24094.812070595515,70449.87892240705,198249.97927300754,-4212.942358616092,8703.249451930693
-5.064026339894506,18144.80316955199,-23950.40134563677,77985.18543753389,191182.93484220377,-5006.561518820432,9322.886930893208
-5.047975543254585,17260.227612114937,-23805.990620677978,85130.06968395552,184050.0073153949,-5787.10155677525,9926.268314676512
-5.031924746614667,16375.652054677972,-23661.57989571924,91884.53166167036,176851.19669258254,-6554.562472480365,10513.393603280365
-5.015873949974747,14869.088820430141,-27467.939498935175,98939.4521039174,173808.62059750716,-7847.733391834527,7675.279731430123
-4.9998231533348285,16104.439107721044,-23359.949128943557,103848.68801778194,165203.97191694984,-8635.453426030352,6339.908405851741
-4.983772356694908,15996.60935754535,-24602.19377050646,108954.01840228733,159072.2730670728,-8754.787894704094,7294.581235013624
-4.96772156005499,15882.212266944216,-26141.809537704245,113576.80123101293,152185.74943515778,-8637.569019029856,10030.122142012642
-4.951670763415071,15920.146716100056,-27130.06633471403,117956.34584905123,146118.8210510522,-9010.693193584924,10408.25380867266
-4.9356199667751515,16304.747329780303,-30493.588871785363,122599.9506796515,138645.30921669045,-9515.271640667013,11431.491742498472
-4.919569170135232,14765.147949061618,-28543.61574108121,124428.52501063359,134274.34295618572,-8288.379149176195,13812.474978630213
-4.903518373495313,14023.069866282201,-28638.576569817204,126809.13277577996,128878.92997679257,-8994.041092348547,13354.227928661057
-4.887467576855394,13280.991783502768,-28733.537398553228,128818.24879963655,123604.93976991187,-9677.250646365093,12865.123044174557
-4.871416780215474,12538.91370072332,-28828.498227289227,130455.87308220302,118452.37233554336,-10338.007811225943,12345.16032517072
-4.855365983575556,11796.835617943936,-28923.459056025225,131722.00562347952,113421.22767368746,-10976.312586930893,11794.339771649586
-4.839315186935636,11054.757535164437,-29018.419884761242,132616.6464234661,108511.50578434326,-11592.164973480176,11212.661383611066
-4.8232643902957175,10312.679452385071,-29113.380713497238,133139.7954821627,103723.20666751196,-12185.564970873675,10600.12516105524
-4.807213593655797,9570.601369605578,-29208.341542233255,133291.45279956923,99056.33032319229,-12756.512579111353,9956.731103982054
-4.791162797015879,8828.523286826214,-29303.302370969242,133071.61837568594,94510.87675138554,-13305.007798193285,9282.479212391572
-4.775112000375959,7877.995868811077,-31237.72945067889,132684.62998688524,91379.35422683101,-13644.920828900322,9215.824744940848
-4.7590612037360405,8172.667204308153,-31590.68470169075,131443.48695307295,87385.17162426558,-13687.854418829605,9068.203531998583
-4.743010407096121,8467.338539805103,-31943.63995270272,129919.54728973324,83511.21539255764,-13726.690950787919,8923.661331675763
-4.726959610456202,8762.009875302045,-32296.595203714707,128112.81099686623,79757.48553170743,-13761.430424775363,8782.198143972375
-4.710908813816283,7396.329853477877,-33123.13257221116,125896.40125285111,76450.63131195681,-13929.016901561015,8232.694459110819
-4.694858017176363,6934.861543300123,-33768.900568364385,123941.85545183154,73474.08086470395,-14314.369218321332,7430.58291508788
-4.678807220536444,6473.393233122344,-34414.668564517655,121819.32674082927,70544.53514413745,-14652.212307046835,6608.539124861109
-4.662756423896525,6011.924922944589,-35060.4365606709,119528.81511984448,67661.99415025742,-14942.546167737553,5766.56308843047
-4.6467056272566065,5550.456612766864,-35706.2045568241,117070.32058887716,64826.45788306394,-15185.370800393477,4904.654805796017
-4.630654830616686,5088.988302589078,-36351.972552977364,114443.84314792701,62037.92634255658,-15380.686205014605,4022.8142769576298
-4.614604033976768,5466.6748588468145,-36001.258162687795,111337.21455979322,59063.48731434443,-14329.25325493819,4498.4466840733185
-4.598553237336848,5061.809012314488,-36420.628034859394,107945.54975679639,56109.699566032825,-14199.56823619468,4113.51827721813
-4.5825024406969295,4838.681550402686,-36768.029366226045,104522.7114814443,53239.268264401086,-14032.20837797506,3711.7645299604637
-4.566451644057009,4615.554088490847,-37115.43069759278,101060.35827964061,50417.9116306103,-13826.576315792261,3304.093550976726
-4.550400847417091,3951.542100700385,-37660.498015342026,98869.40108769696,48234.34728151959,-11411.37886662827,3837.8823017410386
-4.534350050777172,3521.4846054888253,-38109.53549850593,95594.12878070219,45669.160148978626,-10580.310856434728,3626.865151142044
-4.518299254137252,4501.9193659627,-38034.15571783585,94147.44426158871,43826.14343164149,-11579.596457242615,2607.159500766873
-4.502248457497333,4573.447181845397,-38242.307107990026,91453.09089935738,41544.75348891355,-11002.2441387693,2045.9980159473769
-4.486197660857414,4644.974997728079,-38450.45849814419,88764.5518473426,39211.39344465544,-10406.195831828527,1477.9337043951518
-4.470146864217495,4407.050381969512,-38873.25386263242,83347.36613209861,35313.70856292299,-11304.743008584755,83.12302218465402
-4.454096067577575,4430.785507398614,-39172.68727168988,80396.11228254884,32566.045947977156,-10864.744407015578,-687.1602499325722
-4.438045270937657,4454.520632827713,-39472.12068074732,77465.22093632739,29800.417727042746,-10393.673151575178,-1458.106021200414
-4.421994474297737,4396.99753145887,-40004.539110453916,74553.94754047388,26972.48984702084,-9968.5343016423,-2314.5325971153043
-4.4059436776578185,4422.637046871996,-40636.6929502821,72356.60790496951,24376.686583708026,-9560.838847103469,-2817.9945706185626
-4.389892881017898,4452.624641139574,-40738.22297337526,70095.40076694246,21069.449151202323,-9099.022987504324,-3521.0823231401264
-4.37384208437798,4482.612235407148,-40839.75299646837,67972.0627151375,17669.039528646004,-8614.140492642127,-4194.931403099639
-4.357791287738061,4512.599829674719,-40941.283019561524,65986.59374955429,14175.457716038487,-8106.191362516789,-4839.541810497234
-4.341740491098141,4542.5874239423,-41042.81304265465,64138.993870192935,10588.703713379953,-7575.175597128358,-5454.913545332827
-4.325689694458222,4572.575018209876,-41144.34306574777,62429.26307705343,6908.777520670392,-7021.0931964768115,-6041.046607606442
-4.309638897818303,4271.890983345358,-40655.42276550879,61481.27156455864,1999.6429947866673,-6874.557106310901,-5688.822363136729
-4.293588101178384,4303.586509205353,-40643.435184982096,59912.81528724285,-1821.5529747685687,-6000.496982041866,-6286.286992950472
-4.277537304538464,4335.282035065328,-40631.447604455374,58485.30372966337,-5626.7053692461595,-5112.001151810545,-6881.112519401726
-4.261486507898545,4366.977560925319,-40619.46002392867,57198.73689182018,-9415.814188646176,-4209.069615616958,-7473.298942490499
-4.245435711258626,6269.038378527046,-42331.86278780225,57583.52667488428,-14626.089681584552,-2504.950596933122,-8787.464789046018
-4.2293849146187075,6440.293736883086,-42840.52434274779,57053.3158332816,-18741.433858142103,-1819.6478823388354,-9053.02978257547
-4.213334117978787,6570.15351977687,-42607.861054852045,56639.09672329201,-23372.356502950446,-1004.2239202439291,-9354.19432435093
-4.197283321338869,6752.046778590264,-42520.7183249331,56244.52136011326,-27432.363859295423,-224.35802642117926,-9526.616310202573
-4.18123252469895,6495.882495190995,-41437.22638369175,56205.27512388955,-31723.74147875885,997.7161831420669,-10643.39419895344
-4.16518172805903,6836.525951668106,-41331.75917022572,56969.07828536011,-37037.73083466395,1800.822691107137,-11050.39380123379
-4.149130931419111,7177.169408145204,-41226.29195675968,57815.488277608296,-42388.194266117585,2603.6447379946994,-11431.471080621266
-4.133080134779192,7517.812864622308,-41120.82474329364,58744.50510063389,-47775.1317731196,3406.1823238047577,-11786.626037115851
-4.117029338139273,7858.456321099409,-41015.3575298276,59756.12875443706,-53198.54335567014,4208.435448537308,-12115.858670717571
-4.100978541499353,8199.099777576517,-40909.89031636158,60850.359239017795,-58658.42901376916,5010.404112192353,-12419.168981426403
-4.084927744859434,8539.743234053625,-40804.423102895555,62027.19655437601,-64154.788747416635,5812.088314769896,-12696.556969242365
-4.068876948219515,8880.386690530724,-40698.95588942951,63286.64070051182,-69687.6225566126,6613.488056269927,-12948.022634165443
-4.052826151579596,9221.030147007828,-40593.48867596347,64628.69167742507,-75256.93044135698,7414.603336692453,-13173.565976195645
-4.036775354939676,9922.290368209035,-40532.422497169864,66045.92703119216,-80848.74650315107,8242.583470784213,-13245.280896221697
-4.020724558299757,10325.175851209291,-40164.031333021536,67471.72242409669,-86351.24536750356,8966.900948421338,-13164.648002119415
-4.004673761659838,10728.061334209535,-39795.64016887317,68873.46932018496,-91732.67202634673,9678.77435737649,-13045.958452530878
-3.9886229650199194,11130.94681720976,-39427.249004724836,70251.16771945692,-96993.02647968015,10378.203697649627,-12889.212247456106
-3.97257216838,11533.83230021001,-39058.85784057647,71604.81762191265,-102132.30872750442,11065.188969240831,-12694.409386895075
-3.956521371740081,11936.71778321027,-38690.46667642813,72934.41902755217,-107150.5187698194,11739.730172150083,-12461.549870847786
-3.9404705751001616,12149.51818303885,-38388.71141671266,74345.3264872647,-112163.48639527056,12601.33572313048,-11911.107701300065
-3.9244197784602424,12438.865537173227,-37359.85238612657,75591.43227832625,-117090.4425908577,13229.501597619172,-12657.807589273369
-3.908368981820323,12693.595547925233,-36884.372120021915,76667.08991732255,-122849.10530022343,13879.37943392346,-12515.92578248371
-3.892318185180404,12948.325558677261,-36408.89185391728,77638.43311063868,-128526.20765294631,14498.787681065116,-12362.537792624778
-3.8762673885404846,13663.755476895534,-39042.30860489686,78417.86614620044,-133528.2691415,15100.875912311654,-12106.571283127176
-3.8602165919005653,14337.576147706595,-38710.69792155313,79026.14725897163,-139387.01180075452,15838.963843344609,-12304.281236819725
-3.844165795260646,15011.396818517707,-38379.08723820941,79308.5761822775,-145054.8748848359,16541.645664486645,-12480.383400747447
-3.828114998620727,14769.233938826084,-34428.086709528856,79245.23052883598,-148040.51390882386,16547.89163692139,-9959.183069307364
-3.8120642019808075,15026.11312384169,-34249.221444984854,78563.04726011475,-151258.72174333298,16871.11505057798,-10214.08037686377
-3.7960134053408883,15282.992308857309,-34070.35618044089,77678.61867612926,-154220.5256417134,17145.660781979816,-10447.853564615289
-3.77996260870097,15539.871493872912,-33891.49091589691,76591.94477687949,-156925.9256039648,17371.528831126838,-10660.502632561838
-3.7639118120610506,15796.750678888537,-33712.62565135288,75303.02556236541,-159374.92163008757,17548.71919801912,-10852.0275807035
-3.7478610154211314,16053.629863904134,-33533.7603868089,73811.86103258701,-161567.51372008148,17677.231882656564,-11022.428409040165
-3.731810218781212,17365.645005774448,-31751.415384185,72338.1365389197,-163235.3218303993,17930.314811662767,-10668.550764639484
-3.715759422141293,16793.070756983907,-31457.19540070558,69719.58140745896,-165313.62489989912,18003.4058578454,-10231.558100824266
-3.6997086255013736,16220.496508193359,-31162.97541722624,66718.95592403831,-167054.22128852602,18026.26743901158,-9772.936047042243
-3.6836578288614543,14918.288053991717,-30319.50706869408,62873.08520050798,-168106.7636829542,16948.262461106093,-8719.882326868435
-3.667607032221535,16280.916968942205,-32291.75470840981,58674.37906996948,-166706.21736886335,17962.395737611318,-8059.620368267628
-3.651556235581616,15344.765210990652,-30661.388306002136,56216.10196534179,-166808.3628812229,19565.142493619252,-7199.8310258968895
-3.6355054389416965,15983.050331224225,-29383.66982814685,51238.607816878095,-166023.94800631338,19915.644539453107,-6123.976680306383
-3.6194546423017773,16621.33545145777,-28105.951350291463,45915.54710753266,-164882.43680258948,20230.506151215894,-5043.955568964058
-3.603403845661858,17259.620571691332,-26828.23287243617,40246.919837305424,-163383.82927005115,20509.72732890769,-3959.7676918699544
-3.5873530490219387,17897.9056919249,-25550.51439458085,34232.72600619648,-161528.12540869843,20753.308072528413,-2871.413049023952
-3.5713022523820204,18934.47455803254,-24862.068506143827,27546.48079887904,-159105.76542768668,21076.06228731777,-2114.17379341599
-3.555251455742101,19201.687427554578,-24812.3743662349,21334.7850256967,-155865.94887414604,20262.138483832696,-2007.6228591197032
-3.539200659102182,14624.047837942464,-21018.620109535077,15667.233775238943,-152964.391306923,19393.65801015484,-1889.0137387538862
-3.5231498624622626,15008.099372110522,-21261.18806213039,7643.1556432929465,-148351.034859235,18612.426086275704,-2049.4525742597416
-3.5070990658223433,15392.150906278579,-21503.756014725735,-652.6445782363196,-143388.66880364096,17770.118532821143,-2189.5589951368383
-3.491048269182424,15776.20244044664,-21746.323967321034,-9220.16688934886,-138077.29314014083,16866.735349791117,-2309.33300138521
-3.474997472542505,16160.253974614698,-21988.891919916347,-18059.411290044678,-132416.90786873462,15902.276537185619,-2408.774593004826
-3.4589466759025855,16544.305508782756,-22231.459872511645,-27170.377780323783,-126407.51298942234,14876.742095004698,-2487.883769995635
-3.4428958792626663,16928.3570429508,-22474.027825106936,-36553.06636018616,-120049.10850220395,13790.132023248329,-2546.6605323576514
-3.426845082622747,18150.978705523346,-21851.724642217618,-45645.08902340778,-112803.43177600965,15522.990434233358,284.1448061415249
-3.4107942859828277,17292.30496722098,-21223.136562884007,-56677.53356121325,-105308.2581827173,15308.003461802462,1158.0348359156687
-3.3947434893429085,16052.908591864383,-19815.269456179245,-67481.61416442198,-97019.42365739739,15081.2764742901,2186.0443247690123
-3.37869269270299,14813.512216507937,-18407.40234947447,-78492.44917426651,-88449.03273476254,14802.718887319395,3215.0824481763766
-3.362641896063071,13574.115841151353,-16999.53524276965,-89710.03859074823,-79597.08541481184,14472.330700890243,4245.14920613787
-3.3465910994231516,14033.572507702698,-17223.69163469898,-100210.83284870963,-71309.06010500656,13986.76773974647,5362.235284833614
-3.3305403027832323,13708.322897768574,-16680.503515496275,-112099.41714489409,-61159.80558579446,13755.955569252106,6060.754265176722
-3.314489506143313,13383.073287834446,-16137.315396293547,-123952.46080919696,-50884.98413774274,13496.924322691928,6740.701644036658
-3.298438709503394,13057.823677900324,-15594.127277090836,-135769.96384161804,-40484.59576085135,13209.674000066014,7402.077421413478
-3.2823879128634745,12732.574067966172,-15050.939157888126,-147551.92624215753,-29958.640455120367,12894.204601374342,8044.8815973071705
-3.2663371162235553,12407.32445803206,-14507.751038685403,-159298.3480108153,-19307.11822054979,12550.516126616974,8669.114171717729
-3.250286319583636,13192.67525718607,-13446.095747349918,-171391.90826764773,-8711.894043318669,10671.527395274261,8675.213108601394
-3.2342355229437167,12755.364441206006,-12735.82138556588,-183472.98128179595,2145.697008734592,10294.083967092578,9094.31821131045
-3.2181847263037975,12318.053625225797,-12025.54702378187,-195593.4735494592,13268.929721650402,9897.832774507424,9476.218609226004
-3.202133929663878,11880.742809245616,-11315.27266199785,-207753.38507063745,24657.804095428615,9482.773817518662,9820.91430234802
-3.186083133023959,11443.431993265514,-10604.998300213809,-219952.7158453309,36312.32013006928,9048.907096126215,10128.405290676481
-3.1700323363840406,11376.54515640837,-9923.555926589861,-230677.4626690858,48070.86859003288,8639.276391907553,10384.444100743352
-3.1539815397441213,13452.202339687816,-11052.979826964667,-247131.64690771908,63200.19523496918,7980.239997206953,10915.657426813394
-3.137930743104202,10372.065043063672,-9896.106719732665,-252418.95255235088,74170.88316702921,8012.170301850919,10984.085869059618
-3.121879946464283,9658.872825953767,-9433.917784880197,-263367.80245118326,86962.4907038649,7493.012671307548,11139.928044561313
-3.1058291498243635,8945.680608843833,-8971.728850027725,-273864.7488258963,99795.58883118983,6957.770302224963,11254.699917382988
-3.0897783531844443,8232.488391733963,-8509.53991517526,-283909.79167649,112670.17754900406,6406.443194603144,11328.401487524643
-3.073727556544525,7579.727097769108,-7788.263086926156,-293331.404506967,125560.69748080999,5820.154473536459,11639.831882637387
-3.0576767599046057,6976.183869234199,-7320.641132703291,-301937.8532428901,137959.9687385941,5133.562320003781,11901.501174593359
-3.0416259632646865,6372.64064069921,-6853.019178480419,-310014.12787679466,150165.5726574603,4439.766447443049,12133.082004569646
-3.025575166624767,5769.097412164141,-6385.39722425748,-317560.2284086805,162177.50923740858,3738.7668558540754,12334.574372566261
-3.009524369984848,5072.088693421317,-6261.338844858975,-324932.2889743773,173025.73597007335,2855.870353573844,11946.048226666575
-2.9934735733449287,4675.629850414414,-6020.2890730650415,-330968.2632500599,184369.93562049346,2394.640885701994,11710.936019166398
-2.9774227767050094,4279.171007407418,-5779.2393012710945,-336504.5598323579,195507.11004217327,1916.8787664155498,11434.90166770875
-2.961371980065091,3882.712164400502,-5538.18952947718,-341541.17872127116,206437.25923511226,1422.5839957145695,11117.945172293608
-2.945321183425172,3486.253321393524,-5297.139757683235,-346078.1199168003,217160.38319931156,911.7565735988946,10760.066532921006
-2.9292703867852525,4756.193090107867,-4885.7398156987365,-349262.1268867676,227549.95623785682,786.642129271575,9632.492009752648
-2.9132195901453333,4238.358672347938,-5884.24534964651,-351631.42423921445,237945.5048249158,1242.3345768970757,9895.575803571122
-2.897168793505414,2500.2735432917107,-4209.977640844634,-352525.108842003,246774.35701180235,1077.8891249282606,9230.998520296467
-2.8811179968654947,2513.5548120726053,-3789.432880884722,-352921.7090386615,255366.9284265709,588.6078563442607,10086.517497079196
-2.8650672002255755,2471.1016588281927,-3858.4361609267435,-352432.49817659764,263315.2448621143,150.9417065045418,9755.983343087719
-2.849016403585656,2426.3198378476636,-4956.99489558401,-351194.1128952106,273315.3387154225,-308.4567580773928,9999.904229573267
-2.832965606945737,1795.4852605299066,-4258.308113378796,-348231.06466639374,279906.3515313569,-694.0109943825755,9999.161196759065
-2.8169148103058177,1164.6506832122254,-3559.6213311736074,-344548.2865538313,286074.12766525574,-1091.5602125768055,9967.121147294176
-2.8008640136658984,533.8161058945889,-2860.934548968492,-340145.77855752315,291818.6671171187,-1501.1044126601773,9903.784081178754
-2.784813217025979,-97.01847142304177,-2162.247766763353,-335023.5406774694,297139.969886946,-1922.6435946325655,9809.149998412635
-2.76876242038606,-185.7573047847145,-2537.0558343114135,-328887.2206356623,301582.89107549295,-2199.566372321722,9235.745555688372
-2.7527116237461415,-550.3968574996943,-2502.2416203323555,-321770.7109346869,305108.65622435225,-2579.1896479926327,8661.18010634694
-2.7366608271062223,-1405.366322547583,-3947.9353993452605,-313478.2791778532,309538.6563851457,-2301.8033478425714,9916.967491490912
-2.720610030466303,-2024.9897792357028,-5031.925182165478,-304907.9285369167,312565.1736392094,-2546.251148875199,9783.582150078379
-2.7045592338263837,-2644.6132359238472,-6115.914964985612,-295604.5082761362,315075.64580429177,-2756.4898645326757,9630.622704152025
-2.6885084371864645,-2366.8502384409585,-348.2138078079297,-284697.8864423415,317583.1684063907,-4023.311199833796,4462.287783124177
-2.672457640546545,-3144.1880115679014,-2651.795450944388,-272500.9889450196,317149.04761654034,-3914.8552247929474,5218.244418053962
-2.656406843906626,-2963.7323907904356,-2653.8787673739425,-259341.75899110432,318192.2983281861,-3874.8781587082362,4642.8042460303395
-2.6403560472667067,-519.7292130618507,-1790.8561980850172,-246151.04681884567,318277.9572452152,-2675.7494668026857,4496.77953341943
-2.6243052506267874,-1107.8378744486417,-2155.209547917437,-229564.47824081144,313947.0980108955,-2552.361351186406,4316.418650514086
-2.608254453986868,-1750.4315836845017,-1463.935641949447,-212473.9183962253,311880.74477845506,-2419.233558373686,4205.966443708719
-2.592203657346949,-3407.3723328935157,-789.0379333698656,-195913.2389956727,309436.17712601,-3799.472886990967,4177.450283161874
-2.5761528607070296,-3744.5481936921715,-1681.142758614369,-177938.24041986646,305280.7759389272,-3877.1191720961506,2332.1213067436256
-2.5601020640671113,-4081.7240544908054,-2573.2475838587125,-159437.03461497277,300615.5055128718,-3999.9413226972392,486.67784235194995
-2.544051267427192,-4992.4466630016595,-3318.52396537188,-139625.5029998043,295309.2301654042,-5724.172567304306,-1193.7244701382915
-2.5280004707872727,-5175.277130063467,-3333.2508200566735,-120378.46599186437,288702.2315251384,-5453.588424176473,-1542.2286285932023
-2.5119496741473535,-5358.107597125186,-3347.977674741587,-100705.6801034756,281614.1489564065,-5166.808060505531,-1895.9452195764734
-2.495898877507434,-5540.938064186978,-3362.704529426439,-80607.14533463806,274044.9824592087,-4863.831476291467,-2254.8742430880957
-2.479848080867515,-5723.768531248759,-3377.4313841112853,-60082.86168535176,265994.7320335451,-4544.65867153425,-2619.015699128321
-2.4637972842275957,-6140.184639580766,-6097.511336436895,-39102.02567003631,256714.05716701166,-4149.6842046437,-2952.9517691468645
-2.4477464875876764,-6392.0379229643395,-5244.106509616759,-16857.585395613743,246872.64050580264,-3068.5621273976753,-2868.0551249600976
-2.431695690947757,-6207.910326321268,-2518.074558892079,5678.197672481404,238337.96150643416,-2522.1372830038963,-4800.026443742338
-2.415644894307838,-5472.842195191314,-2645.8824734193176,28549.23781051541,227622.85392980915,-2592.898037391117,-4809.811135440979
-2.3995940976679186,-4737.77406406137,-2773.69038794662,51465.64354511851,216525.7960069044,-2590.1989703246945,-4830.734854824154
-2.3835433010279994,-4002.705932931416,-2901.4983024739167,74427.41487629074,205046.78773772,-2514.040081804669,-4862.797601891539
-2.36749250438808,-3267.637801801471,-3029.306217001258,97434.55180403213,193185.82912225585,-2364.4213718309948,-4905.9993766435
-2.3514417077481617,-2532.5696706715426,-3157.1141315284876,120487.0543283414,180942.9201605128,-2141.3428404037168,-4960.340179079811
-2.3353909111082425,-1797.5015395416158,-3284.922046055859,143584.92244922105,168318.06085248932,-1844.8044875228115,-5025.820009200492
-2.319340114468323,-1062.4334084116454,-3412.729960583085,166728.1561666698,155311.25119818602,-1474.8063131883755,-5102.438867005814
-2.303289317828404,-101.11561326614901,-5519.636637963726,189904.39978279115,140975.68893371464,-458.9977838837658,-9786.58876586142
-2.2872385211884847,-7229.776056844405,-4489.495331772519,215903.36471589908,126780.35158492831,2658.475572908201,-8169.8963607178575
-2.2711877245485654,-6103.75985510215,-4478.932425068466,237465.7530660786,111837.1718678843,3149.9796386517637,-8648.104120012878
-2.255136927908646,-4006.8133668313876,-4320.973932838549,255919.5555946073,96462.94273057123,-2555.935426786651,-9915.880763069843
-2.239086131268727,-3319.168768754891,-4380.085550292984,276947.18851715303,81569.48877878264,-1069.6101908724502,-9851.725616818192
-2.2230353346288076,-2631.524170678341,-4439.19716774741,297508.62370384845,66581.81346121515,430.59108996205714,-9785.076684311567
-2.2069845379888884,-1943.8795726018288,-4498.308785201871,317603.86115469364,51499.916777868806,1944.6684157168277,-9715.933965549983
-2.190933741348969,-1256.2349745252004,-4557.420402656295,337232.9008696885,36323.798728743626,3472.621786391745,-9644.297460533491
-2.17488294470905,1866.1372982292269,-5407.39634556592,358199.3536067441,20566.737744400187,3264.2980861463366,-9415.597717163773
-2.1588321480691306,-107.75772886716186,-5190.441419003018,375688.6653593029,5443.132014646083,2864.886206496216,-9389.848681092379
-2.1427813514292122,-2081.6527559633323,-4973.486492440117,392512.21442604257,-9680.523769836851,2474.58216531988,-9374.094645108486
-2.126730554789293,-4055.547783059781,-4756.531565877283,408670.0008069645,-24804.229609050388,2093.3859626175254,-9368.335609212052
-2.1106797581493737,-6029.442810155975,-4539.57663931436,424162.024502068,-39927.9855029937,1721.2975983889191,-9372.57157340317
-2.0946289615094544,-3148.845976669276,-4847.295990870424,437988.62366432324,-54971.804585387166,1477.380177281826,-9226.499014180656
-2.078578164869535,-2395.5673955249003,-5065.673646340878,451324.329314168,-69994.5857294157,2329.9447054178454,-9122.057595231652
-2.062527368229616,-1642.2888143805612,-5284.051301811336,463729.5185210324,-84974.1872201489,3184.0805882947316,-9015.362370424922
-2.0464765715896966,-889.0102332362185,-5502.428957281808,475204.19128491584,-99910.60905758668,4039.7878259129648,-8906.41333976046
-2.0304257749497774,-135.7316520918048,-5720.8066127522725,485748.34760581853,-114803.85124172908,4897.066418272167,-8795.210503238277
-2.014374978309858,5838.48853935895,-6720.565110883097,503665.2842098272,-130924.521692182,-3336.0997460323415,-7305.494385561458
-1.9983241816699389,7961.676530058699,-6967.584184289735,513497.3587066181,-146318.81809920253,-3139.3344857596458,-6997.934222680022
-1.9822733850300196,-2911.7188900118454,-3958.0747954280937,512690.93698889035,-159001.7347650936,-2592.453777131801,-6770.520642835442
-1.9662225883901003,-5303.2802405205875,-2903.890112098637,517590.8749070829,-172761.0981767676,-4094.060534434233,-6089.417723437622
-1.950171791750181,-2447.1463216173033,-4089.5783264291995,520010.36931466253,-185048.1546458163,3279.0922381369746,-7012.238927768187
-1.9341209951102627,-1828.4262563283955,-4322.59264896227,521200.7245504349,-197041.7563959997,3579.2601565714576,-6683.846107089252
-1.9180701984703434,-1209.706191039455,-4555.606971495357,521231.97721365996,-208716.63945892375,3874.9724541557225,-6344.061250856037
-1.9020194018304242,-590.9861257504672,-4788.621294028451,520104.1273043371,-220072.80383458722,4166.229130889726,-5992.884359068594
-1.885968605190505,27.73393953847699,-5021.635616561551,517817.1748224665,-231110.24952299029,4453.030186773307,-5630.315431726827
-1.8699178085505856,646.4540048274102,-5254.649939094626,514371.1197680488,-241828.97652413318,4735.375621806525,-5256.354468830743
-1.8538670119106664,1265.1740701163799,-5487.664261627722,509765.96214108303,-252228.98483801566,5013.2654359895605,-4871.001470380406
-1.8378162152707471,3170.5786191139573,-7328.551417847017,504335.2768654653,-262761.5787144406,5469.11693702296,-4679.818681420298
-1.8217654186308279,1565.5038678024102,-6221.532150868494,496040.6448307208,-271408.6385529134,5184.6234172341265,-3743.1507575751602
-1.8057146219909086,-39.57088350917081,-5114.512883889885,486627.57211292785,-279639.3798417647,4861.95651398321,-2826.19225004729
-1.7896638253509893,-1644.6456348206088,-4007.493616911379,476096.0587120862,-287453.8025809942,4501.116227270455,-1928.9431588368097
-1.77361302871107,-1831.9059923870004,-3153.157138377832,462690.1175398678,-295348.9918739866,4770.357587598921,-1293.7256635135636
-1.7575622320711508,-1710.486368896037,-3449.4190909548097,447851.9905434934,-300768.4510204182,5165.039554281011,-1406.7913157068233
-1.7415114354312315,-1589.0667454051368,-3745.6810435318635,432040.8535219644,-305676.275035524,5521.104819340806,-1530.5264982343106
-1.7254606387913132,-1467.6471219141854,-4041.9429961089286,415256.7064752815,-310072.46391930344,5838.553382778373,-1664.93121109606
-1.709409842151394,-1346.2274984233081,-4338.20494868588,397499.5494034433,-313957.01767175744,6117.385244593781,-1810.0054542920916
-1.6933590455114746,-1296.8878987091762,-4519.683214694556,378395.27697944315,-316735.20687009953,5289.976520230186,-429.55102103554236
-1.6773082488715554,-1209.0784231067883,-4708.9773045839265,358657.91069839516,-319133.4575043229,5291.72667748081,477.8760453975792
-1.6612574522316361,-1121.2689475043185,-4898.271394473348,337987.67449975427,-321000.1874816876,5302.0112106643255,1400.6484005513526
-1.6452066555917169,-1210.5765133572295,-3771.5777964379918,315646.7508141262,-321910.811862175,5255.89134338164,2052.935590880559
-1.6291558589517976,-1311.6067730732802,-3523.265548716633,292575.6696066007,-322060.62451626384,5213.343323133535,3037.461242147074
-1.6131050623118783,-1412.637032789342,-3274.9533009952747,268858.48304724705,-321688.67680987954,5182.604412603825,4016.4447062877225
-1.597054265671959,-1513.667292505385,-3026.641053273922,244495.19113606514,-320794.96874302236,5163.674611792336,4989.8859833026145
-1.5810034690320398,-1614.6975522214452,-2778.328805552541,219485.79387305534,-319379.5003156922,5156.553920699298,5957.785073191582
-1.5649526723921205,-1715.7278119375005,-2530.0165578311717,193830.29125821704,-317442.27152788884,5161.242339324515,6920.141975954801
-1.5489018757522013,-1816.7580716536186,-2281.7043101097315,167528.68329155055,-314983.28237961227,5177.739867668115,7876.956691592102
-1.532851079112282,-1917.7883313696593,-2033.3920623884042,140580.96997305597,-312002.53287086287,5206.046505729959,8828.229220103698
-1.5168002824723636,-2018.8185910857146,-1785.0798146670459,112987.15130273464,-308500.0230016405,5246.162253510165,9773.959561489377
-1.5007494858324444,-2119.8488508017854,-1536.7675669456912,84747.22728058373,-304475.752771945,5298.087111008696,10714.147715749292
-1.4846986891925251,-2644.5689940946627,-873.4775138723405,51053.7314000912,-296046.33926615247,2841.3666894241132,8159.485635313262
-1.4686478925526059,-3062.26991957078,-960.8278535308373,21385.41016439997,-288792.5686529887,2739.8097157729208,8796.027046653393
-1.4525970959126866,-3479.9708450468747,-1048.1781931893875,-8261.179649260741,-281076.495215546,2639.797797882824,9397.455270670413
-1.4365462992727673,-3897.6717705230026,-1135.5285328481204,-37886.03804089091,-272898.11895382445,2541.3309357538456,9963.77030736464
-1.420495502632848,-4315.372695999085,-1222.878872506626,-67489.16501049059,-264257.439867824,2444.409129385953,10494.97215673569
-1.4044447059929288,-4733.073621475194,-1310.2292121652663,-97070.56055805973,-255154.4579575448,2349.0323787792295,10991.060818784055
-1.3883939093530095,-7650.997921002873,-2081.298454271944,-126855.07671265959,-245769.64167779408,1443.303861100584,9978.646640413095
-1.3723431127130903,-7204.714133852579,-1338.8503483843779,-155812.71086544878,-235662.75449269303,2607.341433076752,11536.68269172519
-1.356292316073171,-6758.430346702276,-596.4022424968098,-184494.94423863795,-225187.35024104844,3786.378998764598,13059.759642022385
-1.3402415194332518,-5331.490885052832,-394.8661431585824,-213569.47809118315,-214221.86542650333,4307.543751507186,14225.885838970054
-1.3241907227933334,-5458.804588309713,263.80444160917796,-241760.9207278281,-203199.21359864267,4685.920583678588,14881.44770210204
-1.3081399261534141,-5586.118291566726,922.4750263768774,-269485.95994753955,-191820.88396776377,5110.185666961643,15471.104148184908
-1.2920891295134949,-5713.43199482362,1581.1456111447287,-296744.59575031564,-180086.87653386724,5580.339001356684,15994.855177218873
-1.2760383328735756,-6031.652725489128,1550.4015238144011,-323356.4061129662,-167390.9029618303,5950.57987073277,15662.89346315277
-1.2599875362336563,-7239.377422901745,1418.0647106026113,-348643.00263209286,-154309.30334756692,4834.3350726942845,15248.633279519829
-1.243936739593737,-8447.102120314215,1285.7278973907232,-373401.48635563126,-140936.58529144028,3702.070167465129,14809.664670238657
-1.2278859429538178,-13672.38822376453,974.4196289325719,-398259.47491670726,-126862.38148987199,3908.7762678348226,14631.73298366411
-1.2118351463138985,-12385.724880374106,1090.8722346238956,-419819.3663928563,-112436.51205883718,4375.393915354332,14521.345959481343
-1.1957843496739793,-9612.721752944948,1577.5205185636673,-438328.6717637285,-97421.89533424548,2436.716180912299,13811.487529019276
-1.17973355303406,-2116.5808001051964,1849.9903224830655,-468253.40147772233,-84348.5262181497,4217.674628562131,14405.034906858868
-1.1636827563941408,-3693.1103593597945,1576.037276128116,-485692.7531112524,-70058.13444015788,3361.2231210741775,14803.082108953438
-1.1476319597542215,-5269.639918614303,1302.0842297730906,-502059.9101263583,-55728.74028928375,2485.854845591242,15152.051861430522
-1.1315811631143022,-6846.169477868672,1028.1311834180688,-517354.87252304005,-41360.34376552737,1591.5698021135659,15451.944164290077
-1.1155303664743839,-10931.167903433103,1534.7098644582638,-528752.9363598059,-27588.787783439053,3659.398277792043,14780.4582096521
-1.0994795698344646,-11812.418935445487,1814.424736148736,-542552.6395707062,-13357.22866622391,2783.6569889148595,14252.823110696232
-1.0834287731945453,-12693.669967457783,2094.1396078392263,-555276.0895812,1007.9138417405711,1896.9806782919895,13717.35274646534
-1.067377976554626,-13574.920999469992,2373.854479529762,-566923.286391287,15506.639740454335,999.3693459228764,13174.047116959528
-1.0513271799147068,-12558.713265614962,2739.6397437669293,-577050.3441337467,30056.099538789837,195.47073959645422,12596.405966790619
-1.0352763832747875,-12049.496882054518,2580.7996284148103,-584521.8346263303,44440.42238498778,-55.61027873781859,12013.577426260917
-1.0192255866348683,-13228.750433721005,2192.444770048806,-591176.8381451042,58294.72255821117,603.8684387044923,11717.18890767251
-1.003174789994949,-13310.609681964392,2111.678863649861,-596881.0416797231,71698.38262581485,24.277355129044736,11354.806585187596
-0.9871239933550298,-13392.468930207597,2030.9129572508823,-601308.754017494,85080.31712845375,-544.8349671543401,10991.243484493316
-0.9710731967151105,-13474.328178451033,1950.1470508519367,-604459.9751584178,98440.5260661282,-1103.4685281458223,10626.499605589657
-0.9550224000751912,-13556.187426694356,1869.381144452985,-606334.7051024942,111779.00943883762,-1651.6233278452855,10260.574948476646
-0.938971603435272,-13638.046674937594,1788.615238054003,-606932.9438497227,125095.7672465824,-2189.2993662525696,9893.469513154227
-0.9229208067953527,-13719.905923181044,1707.8493316550603,-606254.6914001039,138390.79948936243,-2716.4966433679638,9525.183299622458
-0.9068700101554343,-13801.765171424264,1627.0834252561012,-604299.9477536374,151664.10616717697,-3233.2151591912325,9155.71630788134
-0.8908192135155151,-22630.24939816362,4107.968284888678,-589095.071061754,161344.04391710274,-5894.392931538346,9305.362478489214
-0.8747684168755958,-14098.816876462792,-273.33915188683386,-583708.9033815474,174372.75889271928,-2356.0464075050068,6895.174231461725
-0.8587176202356765,-14762.598706122048,58.8479676805282,-573912.9982998089,185412.16531428223,-2879.5601384266392,6763.171107828672
-0.8426668235957573,-13656.304136463674,142.80451343124878,-562693.142838549,195830.6788415913,-5198.025753390493,7110.19571442199
-0.826616026955838,-18616.52454532229,3197.4825719643177,-554221.4789105492,209405.93933192018,-4562.654458766102,6021.298988397277
-0.8105652303159188,-18339.74870709549,2726.8780533211266,-538099.0467887317,218092.32850819675,-4418.464346707839,5227.356853559101
-0.7945144336759995,-18062.972868868754,2256.2735346779446,-521078.25157662574,226370.98915406945,-4267.010714352909,4441.307244534352
-0.7784636370360802,-17786.197030642084,1785.6690160348444,-503159.0932742305,234241.9212695379,-4108.293561701135,3663.1501613228265
-0.762412840396161,-17509.4211924154,1315.0644973917151,-484341.5718815468,241705.12485460244,-3942.3128887526664,2892.8856039246857
-0.7463620437562417,-17232.645354188528,844.4599787484767,-464625.6873985741,248760.5999092627,-3769.0686955075653,2130.5135723399926
-0.7303112471163224,-16955.869515961807,373.8554601053329,-444011.43982531235,255408.34643351877,-3588.5609819654346,1376.034066568509
-0.7142604504764032,-16679.093677735116,-96.74905853779637,-422498.8291617621,261648.36442737104,-3400.789748126881,629.4470866103693
-0.6982096538364848,-16402.317839508352,-567.3535771809693,-400087.8554079238,267480.6538908185,-3205.7549939913006,-109.24736753437173
-0.6821588571965655,-16125.542001281632,-1037.9580958241058,-376778.5185637958,272905.2148238624,-3003.4567195589916,-840.0492958658651
-0.6661080605566463,-15848.766163054854,-1508.5626144672788,-352570.81862937886,277922.04722650227,-2793.8949248299323,-1562.9586983840636
-0.650057263916727,-15571.990324828104,-1979.1671331104444,-327464.75560467306,282531.15109873796,-2577.0696098042245,-2277.9755750887853
-0.6340064672768078,-15295.214486601384,-2449.771651753603,-301460.32948967844,286732.52644056955,-2352.980774481548,-2985.0999259803066
-0.6179556706368885,-17203.426268635223,-5326.748339351119,-273397.17937956285,291678.6802718076,-5501.7295234855,-8245.35341764312
-0.6019048739969692,-17643.72482168302,-4188.372157003454,-245830.36322314097,293368.1864228078,-4928.150289181631,-7250.244613117997
-0.58585407735705,-18084.023374731034,-3049.9959746553795,-217827.37051171417,294578.2348523192,-4323.528170645322,-6232.49942415134
-0.5698032807171307,-18524.321927778903,-1911.6197923076688,-189388.201245282,295308.82556034153,-3687.8631678766387,-5192.117850742963
-0.5537524840772114,-17065.802715061553,-355.2311663882547,-159860.3478143892,295712.5205990691,-3035.4846865509126,-4617.117267656551
-0.5377016874372922,-17095.62859285227,-864.1893003727982,-130698.810050786,294841.62277850276,-2826.08819151962,-4823.806935155135
-0.5216508907973729,-17125.45447064301,-1373.1474343573354,-101416.55926118154,293418.9744944516,-2583.0647126527783,-4998.750808553999
-0.5056000941574545,-17155.280348433742,-1882.1055683418526,-72013.59544557748,291444.5757469154,-2306.4142499504833,-5141.948887852974
-0.4895492975175353,-16581.72589905564,-1773.0296406244452,-41665.23265911412,289726.5958874032,-2694.3716595259157,-5917.135434702723
-0.473498500877616,-16072.299473588246,-1326.5580430151022,-11449.089057786685,287360.47184175916,-2760.699392651466,-6280.436120115177
-0.45744770423769676,-15562.873048120833,-880.0864454059338,18927.49935150223,284503.7433747364,-2778.597983263053,-6622.761715807072
-0.4413969075977775,-15713.36347441802,458.34554750769166,49557.76031686805,281177.99637618754,-2380.081938751784,-7177.543669565293
-0.42534611095785824,-14879.477194433006,1193.7247106624127,80048.63217068673,277830.399952641,-2287.202516090776,-6895.342555090596
-0.409295314317939,-16852.436923407447,-5480.87980862656,107347.6708079652,265064.138709063,-2812.908236964792,-8752.582548170982
-0.3932445176780197,-17155.306428776283,-5962.441748696285,136637.42543778144,259950.90885407332,-3064.443106964636,-9622.419830133218
-0.37719372103810045,-14322.811775664348,-2012.804424709917,166219.47819498339,255155.7394574514,-581.5179954464111,-6520.9896925815265
-0.3611429243981812,-14844.482903474436,-2884.829452090373,193764.44020299247,247679.0704581535,-976.0915423593833,-7356.134143005387
-0.3450921277582619,-15366.154031284572,-3756.8544794707996,220770.47448781706,239743.3140384497,-1382.0418676723348,-8166.081445687276
-0.32904133111834266,-15887.825159094627,-4628.8795068512045,247237.58104945678,231348.47019833972,-1799.3689713853382,-8950.831600627425
-0.3129905344784234,-16409.4962869047,-5500.904534231606,273165.75988791196,222494.53893782388,-2228.0728534983937,-9710.384607825763
-0.296939737838505,-16931.167414714742,-6372.929561611929,298555.01100318093,213181.5202569024,-2668.1535140113847,-10444.74046728222
-0.28088894119858576,-16294.689837635655,-7228.879357789512,323153.9018023572,203760.8990453789,-3283.136733632755,-11084.830551823523
-0.2648381445586665,-16262.178367143468,-6331.601942524954,345991.08308455086,192346.17758045509,-2722.8420937450283,-9837.57422461766
-0.24878734791874724,-15722.248916401877,-5656.7741992238225,367622.18755230773,181412.40119430074,-1621.2740970244631,-9437.106889300958
-0.23273655127882797,-15182.319465659879,-4981.946455922509,388417.61136678274,170091.36971756484,-487.8919308925979,-9046.003065328361
-0.2166857546389087,-14642.390014918175,-4307.118712621335,408377.35452797706,158383.08315024764,677.304404650713,-8664.262752699746
-0.20063495799898945,-14102.460564176075,-3632.29096931998,427501.4170358892,146287.5414923487,1874.314909605484,-8291.885951415214
-0.18458416135907108,-12631.862097060617,-1604.8984032803378,444887.82398134243,132334.27936731745,2821.0142488042493,-8299.534964428418
-0.16853336471915092,-10804.358244641218,-1573.2881218624495,461624.2473868168,120022.23485870313,3909.819742737428,-7011.457762560049
-0.15248256807923255,-18885.598878432414,-5984.306507817179,477747.4940734524,107338.48226285714,-3227.918262309282,-9506.614847899564
-0.1364317714393124,-16746.284291874403,-6238.804573384839,490665.44189105445,93546.39138138277,-1684.7102038376252,-8508.973682545482
-0.12038097479939402,-14606.969705316847,-6493.302638952513,502547.2105858204,79632.06879574146,-137.6042481910281,-7508.199181887525
-0.10433017815947387,-8585.714837678055,-6369.350045295978,516221.79212335125,65878.04544943906,14.734565463230865,-6658.922368442905
-0.0882793815195555,-9009.33122531038,-5927.325370856821,524844.7029181654,52359.452889545784,1307.196491186086,-6315.803427769747
-0.07222858487963535,-9432.94761294307,-5485.300696417658,532362.7553338158,38653.11197135713,2598.0082618547153,-6010.951042928681
-0.056177788239716975,-9856.564000575814,-5043.276021978537,538775.9493703017,24759.022694876156,3887.169877468779,-5744.365213919781
-0.040126991599796824,-10280.180388208246,-4601.251347539321,544084.2850276245,10677.185060099811,5174.6813380285785,-5516.045940742912
-0.02407619495987845,-10703.796775840703,-4159.226673100178,548287.7623057826,-3592.400932968785,6460.542643533934,-5325.993223398234
-0.008025398319958299,-11603.325560977275,-3957.737210252436,549110.9986309235,-19220.832517294344,4942.873474132499,-6597.824010657412
0.008025398319960075,-12392.085666882042,-3599.752954620406,550152.1275761294,-33953.159653083814,4912.075407614117,-6544.295328049536
0.02407619495987845,-13180.845772786597,-3241.7686989883982,550079.5980157569,-48822.19887396966,4874.84905444867,-6470.413138204142
0.0401269915997986,-8401.749685539455,-2875.9518140622513,548403.3741972668,-63694.01154242926,6538.929163491397,-6471.884107992778
0.056177788239716975,-10171.802874021312,-2609.5911817507276,546117.4115245526,-77534.19612487577,7506.965399512919,-5257.190538892959
0.07222858487963713,-10807.447546520765,-2246.686742837501,540868.5766871708,-91501.58860581208,6408.212821007997,-4216.49763811499
0.0882793815195555,-11443.092219020124,-1883.7823039243158,534591.5741386779,-105424.50863751901,5323.613096611836,-3168.1797635869298
0.10433017815947565,-12078.73689151957,-1520.8778650110908,527286.4038790737,-119302.95621999972,4253.16622632448,-2112.2369153086256
0.12038097479939402,-12714.381564018986,-1157.973426097924,518953.0659083592,-133136.93135325116,3196.8722101458698,-1048.6690932801866
0.13643177143931418,-10184.833481076173,-2494.4721968407102,508492.07391993114,-146303.15671819748,4970.810934100882,-1484.1049353699418
0.15248256807923255,-8955.799414192268,-2803.233831512596,497679.5996356097,-159447.7152694875,5093.1101377870655,-655.527228965504
0.1685333647191527,-7726.765347308246,-3111.9954661844386,485905.4291859831,-172344.98683558305,5228.642627036737,201.08962780633374
0.18458416135907108,-9465.418049759151,-1568.9473115264836,472943.31139765226,-184923.29061263055,5515.850274109005,909.7917360217689
0.20063495799899123,-9022.345095063443,-1320.7154621611226,458398.4655854627,-197147.53103500768,5918.965426265815,1043.5111164346526
0.2166857546389096,-8579.272140367797,-1072.4836127957778,443102.3197176745,-209061.97279367162,6306.460741089824,1173.2445819743516
0.23273655127882797,-8136.199185672152,-824.2517634304293,427054.87379428715,-220666.6158886242,6678.336218580858,1298.9921326409421
0.24878734791874813,-7693.1262309763515,-576.0199140650851,410256.127815298,-231961.46031986643,7034.591858739233,1420.7537684343279
0.2648381445586665,-7250.053276280755,-327.7880646997155,392706.0817807112,-242946.5060873957,7375.227661564524,1538.5294893546788
0.28088894119858665,-7281.836431291189,167.61179112259197,374102.8262743007,-253411.78151580645,8230.382681297786,1278.4673348857739
0.296939737838505,-7262.427543663183,584.9548384581112,354813.5023619113,-263674.518042929,8867.07362456778,1156.461520662392
0.3129905344784252,-8495.299328123278,2133.086686304312,333193.2855586161,-272185.3844697008,7283.731774544506,3088.645310451525
0.32904133111834355,-7488.753216118092,1901.1279366318895,311672.8952724684,-280448.89143938536,7376.636087946021,3561.388587165213
0.3450921277582637,-7297.353887352861,2400.4155331815473,289857.70329002984,-288251.800105092,7207.746996166934,4235.707322167844
0.3611429243981821,-7105.954558587604,2899.703129731144,267701.9736054525,-295577.3540441351,7036.283428303148,4942.865681522555
0.3771937210381022,-6669.082496484774,2569.4141474990156,245048.55519379096,-301875.77477247425,7793.310507995386,2602.831394146684
0.3932445176780206,-6436.544907686766,2855.534384791301,222174.85347232732,-307920.6284542603,7783.671998329286,2803.010112445576
0.40929531431794075,-6204.007318888762,3141.654622083661,198985.16096333452,-313456.0856848321,7764.001712056874,3007.70772360079
0.4253461109578591,-5971.469730090801,3427.774859376008,175479.4776668176,-318482.1464641883,7734.299649178105,3216.924227612377
0.4413969075977775,-5738.932141292831,3713.8950966683333,151657.80358277413,-322998.81079232966,7694.5658096930165,3430.6596244802713
0.45744770423769765,-5506.39455249483,4000.015333960706,127520.13871120129,-327006.0786692563,7644.8001936016335,3648.9139142044296
0.473498500877616,-5843.552949615869,5980.558386030261,102688.35235958503,-328774.75922739285,7547.777309076919,4415.8181040535765
0.4895492975175362,-4566.173954981064,6226.042755244031,78169.37099233281,-329886.95831626933,7753.723492997109,4234.912958704683
0.5056000941574545,-4260.619072052101,6462.440541416188,54472.63656418649,-330277.31298071897,7605.4514045031665,3969.1023293172248
0.5216508907973747,-3955.0641891231094,6698.838327588366,31045.58819723351,-330031.44860371784,7430.920901912823,3704.030847676148
0.5377016874372931,-3964.777679250865,6867.24902194937,8135.729567050043,-329777.46764787275,7694.484182925295,3561.036749720809
0.5537524840772132,-3586.4100932463975,7183.918429750099,-14706.121284985775,-329028.1988732576,7441.671133637607,3230.3061908558457
0.5698032807171316,-3208.042507242041,7500.587837550592,-37263.815803946,-327694.34618271876,7167.357739718887,2900.7797239422425
0.5858540773570518,-2786.8546144837546,7636.395668303149,-60620.53696997537,-324511.6122175143,6712.281131895184,2637.5332391445822
0.6019048739969701,-2590.284420378736,7891.777371613656,-82009.02660406222,-321690.98972433293,6425.609831193631,2255.222207725044
0.6179556706368903,-2393.714226273727,8147.1590749241195,-103059.63832111783,-318285.21938635135,6126.9018838750735,1873.1201738523778
0.6340064672768086,-2197.1440321687196,8402.5407782346,-123772.37212113787,-314294.301203571,5816.157289939583,1491.2271375266887
0.650057263916727,-2000.573838063719,8657.922481545063,-144147.22800412448,-309718.235175991,5493.3760493870805,1109.5430987478355
0.6661080605566472,-1804.0036439586966,8913.30418485556,-164184.20597007993,-304557.021303611,5158.558162217567,728.0680575158565
0.6821588571965655,-1607.4334498536982,9168.685888166032,-183883.30601899975,-298810.65958643216,4811.703628431132,346.8020138308433
0.6982096538364857,-1410.8632557486794,9424.067591476522,-203244.52815088842,-292479.15002445306,4452.812448027629,-34.255032307371636
0.7142604504764041,172.2856272961235,8806.640933588718,-221910.8551287149,-285230.1204874237,4231.985648776167,-880.1563456688673
0.7303112471163242,-340.81612383620813,8105.449923349037,-238737.7609698681,-277162.5873706767,3457.638808568938,-2186.542210661635
0.7463620437562426,-1394.8876272539637,8487.791131413638,-256156.98846612754,-267107.8138920446,2562.427437110559,-2493.96070959593
0.7624128403961627,-518.7316940205911,8697.525480725883,-270595.7313450086,-256787.76719783962,2449.983171273632,-2685.07416063644
0.7784636370360811,357.4242392127185,8907.259830038174,-284337.16931199085,-246014.19004821038,2335.783301953433,-2866.568904307649
0.7945144336760013,1490.6975705691473,10641.781322626357,-297362.94954472734,-235098.654024175,1974.9107128666672,-4718.836381083342
0.8105652303159196,2510.0543442275944,10763.328221436268,-309667.54037014133,-223799.71967267978,1797.9709826012029,-4630.541363995894
0.8266160269558398,3529.411117886177,10884.875120246208,-321305.66817833594,-212000.92784331593,1620.623702441499,-4530.809934702684
0.8426668235957582,4548.767891544653,11006.422019056205,-332277.33296930866,-199702.27853608612,1442.8688723878522,-4419.642093203533
0.8587176202356765,5683.967449398711,11174.332119456274,-343101.01008499856,-186887.7858775436,355.4637112609562,-5103.75324496963
0.8747684168755967,4748.218808286689,10809.65704105098,-351016.1387945524,-173172.75157507934,-478.1150067800336,-5779.494901273116
0.8908192135155151,3812.470167174877,10444.98196264579,-358160.61402421596,-159126.31263670322,-1297.5558253667987,-6466.602828046394
0.9068700101554352,2876.7215260627854,10080.306884240505,-364534.4357739906,-144748.46906241204,-2102.858744499419,-7165.077025289524
0.9229208067953536,2670.0616178158234,8565.020722506313,-369868.2903849593,-130465.25778788845,-2682.586742308864,-7960.882511107222
0.9389716034352737,3832.663666316803,8343.605035748362,-373930.54513382306,-115497.92920316767,-2698.8245441826293,-8020.443171273859
0.9550224000751921,4995.265714817506,8122.189348990407,-377247.8821552386,-100330.25797721467,-2701.4405244950904,-8060.008039028289
0.9710731967151123,6377.003119482331,8045.214244072147,-380098.67579534085,-85149.06448902008,-3068.6363132041515,-8070.877803353647
0.9871239933550306,7284.345901848559,8356.111720825269,-381921.3317430696,-70063.43458114436,-2744.477331768378,-8577.060235975277
1.0031747899949508,8191.688684214932,8667.00919757842,-383034.54009309027,-54751.95729322512,-2428.875459351879,-9076.81261922173
1.0192255866348692,9099.031466581215,8977.90667433156,-383438.3008454023,-39214.63262526576,-2121.8306959545953,-9570.134953092862
1.0352763832747893,10136.281287705526,8737.612787623795,-383119.84147179825,-23280.38715815667,-1653.2789716146508,-10634.058899664957
1.0513271799147077,6765.201704368177,8175.438419501499,-382302.41025343264,-7451.699404922063,-3860.4978867841346,-11449.029946033197
1.067377976554626,7622.829202362715,7784.257552590504,-378579.34370369517,8562.600614469135,-4197.14965660531,-12099.857278074793
1.0834287731945462,9066.531128148898,7031.37643178438,-373018.0144095554,23933.325110589634,-5137.655411906517,-12349.084662043686
1.0994795698344646,9853.147075523299,6416.616458061309,-367908.28051378473,39573.28149403716,-5597.129025901624,-12631.411823823764
1.1155303664743847,10639.763022897736,5801.856484338168,-362145.20611153764,55117.16168148544,-6033.392171335752,-12878.869569066519
1.1315811631143031,11426.378970272057,5187.096510615115,-355728.79120281537,70564.96567293102,-6446.444848209121,-13091.457897771888
1.1476319597542233,11169.252147392464,6810.409143392537,-348665.07416820637,85856.51738408172,-6403.0752331050935,-14132.719015156457
1.1636827563941416,12216.404190852341,5832.131997423408,-341037.68221897446,100753.19385781536,-6636.105798106888,-14434.184607859492
1.1797335530340618,13263.556234312458,4853.854851454132,-332940.58093154145,115389.09771962526,-6833.234722340919,-14666.988097517902
1.1957843496739802,14310.708277772326,3875.5777054849914,-324373.770305909,129764.22896950826,-6994.462005807207,-14831.129484131654
1.2118351463139003,15883.238700019298,969.4135132119409,-316333.6055026823,147573.99683254882,-7670.112847505252,-14961.243226222925
1.2278859429538187,16018.149390591483,862.6465906836456,-305765.37795116176,160821.58901157006,-8487.215601434695,-14728.48359514735
1.243936739593737,16153.06008116364,755.8796681554086,-294821.82137521653,173682.42258708103,-9266.741282114446,-14451.520922566124
1.2599875362336572,14784.927586356767,1604.0264831312743,-283626.62064725184,186167.66142991383,-7662.01041452607,-15783.994965032674
1.2760383328735756,15097.133234035668,1364.0899561463157,-272289.1353336625,198508.62395443633,-8414.419886363117,-15580.260391175601
1.2920891295134957,15409.338881714655,1124.1534291613207,-260556.07245725414,210590.40787034127,-9141.624740941828,-15316.261445669326
1.3081399261534141,15721.544529393599,884.2169021763548,-248427.4320180295,222413.01317762604,-9843.624978262058,-14991.998128514075
1.3241907227933343,16033.750177072485,644.2803751913743,-235903.21401598587,233976.43987629333,-10520.4205983239,-14607.470439709567
1.3402415194332526,16345.95582475153,404.34384820637206,-222983.4184511262,245280.68796634072,-11172.011601127222,-14162.678379255969
1.3562923160731728,16817.701560256144,-3016.838034086639,-209705.3376777018,254990.90588790155,-11798.42198289734,-14307.389404317693
1.3723431127130912,17273.12040676389,-3282.3077920988944,-196314.3309778901,264109.058749543,-12419.084023208778,-13646.685141261281
1.3883939093530113,17728.53925327168,-3547.777550111252,-182821.86724909354,272663.33223750815,-12998.73032462856,-12939.320021846004
1.4044447059929297,18183.958099779426,-3813.247308123544,-169227.94649131523,280653.7263517953,-13537.360887156776,-12185.294046071831
1.4204955026328498,18639.37694628726,-4078.7170661358978,-155532.56870455205,288080.2410924063,-14034.975710793262,-11384.607213938943
1.4365462992727682,19094.795792795012,-4344.1868241482225,-141735.73388880712,294942.8764593393,-14491.574795538305,-10537.25952544708
1.4525970959126866,19489.651253183092,-5079.666707188953,-128356.90381785564,301586.65204617666,-13195.032914823423,-11661.7882095651
1.4686478925526067,19345.03733672185,-5979.781725329667,-114451.2466752522,306463.6757871768,-13284.970020837478,-11077.37293911411
1.4846986891925251,19200.423420260566,-6879.89674347025,-100512.40631436605,310728.8231955657,-13331.034072317078,-10467.378789790077
1.5007494858324453,19055.809503799286,-7780.011761611007,-86540.38273519391,314382.09427134413,-13333.22506926222,-9831.805761593208
1.5168002824723636,18911.195587338007,-8680.126779751605,-72535.1759377391,317423.4890145116,-13291.543011672982,-9170.653854523094
1.5328510791122838,21153.02083107248,-9350.977233104335,-57973.16770962065,319861.39767778176,-13795.437206846755,-8549.401970016082
1.5489018757522022,20762.486162845245,-10341.776029451603,-44915.02827657728,321414.66395492706,-13715.425306088799,-7863.290643984656
1.5649526723921223,20371.951494617977,-11332.574825798984,-31959.953680249986,322349.23200259276,-13580.867171379281,-7159.200249773094
1.5810034690320407,19981.416826390734,-12323.373622146137,-19107.94392064171,322665.10182077845,-13391.762802718233,-6437.130787381568
1.5970542656719608,19590.882158163477,-13314.172418493545,-6358.998997749535,322362.27340948407,-13148.112200105585,-5697.082256810034
1.6131050623118792,19200.347489936215,-14304.971214840589,6286.881088423682,321440.74676871,-12849.915363541411,-4939.054658058629
1.6291558589517994,19450.241808396342,-13576.316482704191,18357.18568466483,318087.6348220246,-12580.726774232517,-3562.4833982428536
1.6452066555917177,20007.716319450963,-13473.034458372422,29982.821930025428,314814.9458764405,-12295.822969465597,-2098.7539866644365
1.6612574522316361,20565.19083050557,-13369.752434040493,41435.99092032295,310909.56519531115,-11987.272617220135,-625.7391204154264
1.6773082488715563,21122.665341560256,-13266.470409708665,52716.69265555869,306371.4927786358,-11655.075717496067,856.5612005041767
1.6933590455114746,20588.64854119471,-15030.30579537773,63228.11826695941,299533.22329524526,-12143.934459376962,491.29637287277535
1.7094098421513948,19012.983930011695,-16868.509993325446,73832.46721191634,292687.3755151371,-11026.980655201973,2178.0964589711703
1.7254606387913132,19169.106290693708,-16946.686004999974,83448.89292646729,285324.2882565193,-10629.182280057921,3266.4722209418233
1.7415114354312333,19325.228651375754,-17024.862016674473,92748.3179241246,277456.7565213501,-10221.048778922046,4347.04920295778
1.7575622320711517,19481.35101205778,-17103.03802834901,101730.74220488622,269084.78030963143,-9802.580151794413,5419.8274050188265
1.7736130287110718,19637.473372739812,-17181.21404002355,110396.16576875414,260208.3596213612,-9373.776398674912,6484.806827125241
1.7896638253509902,19793.595733421847,-17259.390051698058,118744.58861572629,250827.4944565413,-8934.637519563708,7541.987469276617
1.8057146219909104,19949.718094103824,-17337.56606337268,126776.01074580474,240942.18481516998,-8485.163514460626,8591.369331473368
1.8217654186308287,19613.51199092084,-17352.398685194523,134248.30399059792,231103.4065249526,-8260.705540938725,9255.823368359095
1.837816215270749,18761.32728473596,-18318.57353733683,140900.88696177182,219693.2953802165,-7848.188407780395,10569.898148679906
1.8538670119106673,17999.12430816822,-18962.46261744971,147281.12827291203,207855.3554838383,-7679.590668337158,10930.845840378932
1.8699178085505856,17236.921331600515,-19606.351697562568,153345.03082572823,195547.39509432449,-7500.453609765014,11277.495322746829
1.8859686051905058,16474.718355032695,-20250.240777675528,159092.59462022115,182769.41421167355,-7310.777232063965,11609.846595783441
1.9020194018304242,15712.515378464963,-20894.12985778838,164523.81965638936,169521.41283588836,-7110.561535234054,11927.899659488823
1.9180701984703443,15855.721723805917,-20505.21315620444,169395.23356394953,156138.33350214353,-7160.615939861842,12241.65578025795
1.9341209951102627,15008.376566309054,-20842.16767819333,173883.423817641,142394.9853209563,-6909.874829214523,12742.469560119269
1.9501717917501828,14161.031408812161,-21179.122200182228,178116.44844131608,128369.97706561703,-6646.19358293802,13207.28123859578
1.9662225883901012,14207.463278885716,-20648.196925710094,182278.83420227893,114248.09971610503,-4057.299750124079,15873.496930958174
1.9822733850300214,13465.782293623253,-20798.479698128936,185576.0681102401,99460.17344821483,-3601.7937005056883,16487.96496407963
1.9983241816699397,12724.101308360983,-20948.762470547725,188535.46232348218,84456.29629372872,-3147.780492964652,17067.495764733143
2.01437497830986,11982.420323098515,-21099.04524296658,191157.01684200618,69236.46825264284,-2695.2601275012203,17612.089332918775
2.0304257749497783,11240.739337836148,-21249.328015385414,193440.73166581127,53800.68932496113,-2244.2326041152173,18121.745668636464
2.0464765715896984,9924.420614531493,-21196.54740246741,196822.60888268452,37796.91610039432,-1795.4846285140793,18703.310081814932
2.062527368229617,9962.998242984424,-21194.176166839825,197532.30264076372,21828.22033916073,-763.0277836039677,19278.478947039923
2.078578164869535,10001.57587143733,-21191.80493121224,197903.88943253126,5787.751395125739,252.01194180898528,19819.467058316553
2.0946289615094553,12438.632509780764,-20680.36896215404,199098.43799775996,-10525.563067419964,1264.409858615595,20340.496703716828
2.1106797581493737,8725.215215969862,-20613.076457524738,198686.97170193362,-26396.057247127563,3247.0270746790993,21021.155874003416
2.126730554789294,8061.134872633551,-20045.074572167796,198159.70769140398,-41944.22353760592,3522.4986814197546,21294.27519172774
2.1427813514292122,7397.054529297344,-19477.07268681091,197394.28221876582,-57322.9344469951,3779.6035837424824,21515.234660436687
2.1588321480691324,7071.9918067381,-19114.78473677047,195736.69981577015,-72217.62136406929,3193.351907533848,22015.045832598094
2.1748829447090507,6217.397946085683,-18711.19440292284,194571.91626765212,-87015.88995220966,3574.8899944918885,22341.954621476245
2.190933741348971,5362.804085433221,-18307.60406907522,193173.1166375815,-101661.62538433928,3950.202569794332,22608.771446515995
2.2069845379888893,4508.210224780829,-17904.013735227607,191540.30092555884,-116154.82766045502,4319.289633440936,22815.496307717396
2.2230353346288094,3653.616364128342,-17500.423401379947,189673.46913158352,-130495.49678055994,4682.1511854318815,22962.12920508041
2.239086131268728,1280.5443588944763,-17032.04653383894,188748.00194493405,-144775.85714154394,5354.2649643452205,23049.642789394424
2.255136927908648,569.4448924169628,-17181.525201928147,185884.31521531616,-158307.99915621837,6310.619244654474,23168.48229789213
2.2711877245485663,-141.6545740603833,-17331.003870017375,182821.1580234922,-171490.68024714256,7253.976773008639,23281.420163164494
2.2872385211884847,-852.7540405378095,-17480.482538106502,179558.53036946198,-184323.90041431814,8184.337549407941,23388.456385211422
2.303289317828405,1827.9448975765918,-15769.738974426793,177095.09411036695,-196377.5129294514,7409.036230280676,22944.110425911214
2.319340114468323,311.4958847964517,-15553.35005149281,174346.13501309187,-208103.1412844126,8105.439807197101,23163.84637369123
2.3353909111082434,-1204.953127983812,-15336.961128558884,171416.44316463117,-219464.99037761794,8787.099802765464,23341.37869748623
2.3514417077481617,-2721.4021407639557,-15120.57220562494,168306.01856498545,-230463.06020906515,9454.016216985627,23476.70739729616
2.367492504388082,-4325.499891822954,-15021.281052751685,164171.4995519009,-240983.61474642306,9857.786061383842,23112.973998653222
2.3835433010280003,-5005.547588047197,-14312.44826808622,160315.72764437526,-250641.22531281906,10594.335130806507,22813.42036392587
2.3995940976679204,-5353.509601921658,-13400.032280139574,156782.08738553585,-259535.435599749,10857.398730403816,22183.904575038032
2.415644894307839,-5701.471615796054,-12487.616292193161,153126.38239074725,-267916.69919324364,11084.519749015433,21509.901408079328
2.431695690947759,-6049.43362967045,-11575.200304246675,149348.6126600089,-275785.0160933049,11275.698186641534,20791.41086304952
2.4477464875876773,-6397.395643544871,-10662.78431630024,145448.77819332146,-283140.386299931,11430.934043281992,20028.432939948885
2.4637972842275975,-6745.3576574192775,-9750.368328353667,141426.87899068417,-289982.80981312355,11550.227318936908,19220.96763877714
2.479848080867516,-7106.490659787007,-9417.578552644962,137476.31031145575,-296172.19874516746,11672.115292793533,18719.406725968547
2.495898877507434,-8040.972506795624,-9154.113251450035,133692.5252210478,-301604.3362016265,12215.576591555551,18131.184343514946
2.5119496741473544,-8975.454353804394,-8890.647950254905,129740.57558821971,-306555.9194567899,12733.065401389136,17502.491460353904
2.5280004707872727,-10978.935253249329,-7751.258775060516,124083.23324582589,-310381.0408049034,12658.756012943368,17232.55262542208
2.544051267427193,-11666.75024737906,-6354.935432619248,119920.3549705259,-313371.68080981605,12709.439667138122,16949.25562663038
2.5601020640671113,-12354.565241508677,-4958.612090178249,115613.2042110005,-315840.79850127065,12708.590000901562,16612.104668792235
2.5761528607070314,-13013.170688360207,-5439.683118148263,111232.27307400426,-316823.57445566356,12747.148593149252,15426.97722438465
2.59220365734695,-13422.14608680215,-4654.5034062455015,106841.37457117105,-317426.7802348956,13038.102967686478,14676.222907645053
2.60825445398687,-13831.121485244155,-3869.3236943425436,102359.54139152214,-317488.3320338376,13283.701633114042,13900.07341802556
2.6243052506267883,-14240.096883686107,-3084.1439824396984,97786.77353505837,-317008.22985248937,13483.944589432003,13098.528755526044
2.6403560472667085,-14649.072282128134,-2298.9642705366823,93123.0710017788,-315986.4736908508,13638.83183664037,12271.588920146467
2.656406843906627,-15058.047680570087,-1513.7845586337935,88368.43379168445,-314423.06354892225,13748.363374739056,11419.253911887034
2.672457640546547,-15467.02307901208,-728.604846730901,83522.86190477417,-312317.9994267032,13812.539203728182,10541.52373074743
2.6885084371864654,-15688.181054841963,246.49619080707635,77759.87118773336,-310617.2547768545,14060.509544087163,9742.5460174998
2.7045592338263837,-16168.266893868598,693.5461265649792,72766.85802382906,-306679.83563842473,14055.906449150581,8416.935472794605
2.720610030466304,-16648.35273289531,1140.5960623231658,67748.02906173485,-302180.29143296904,14004.444006814654,7068.456836004814
2.7366608271062223,-17128.438571921954,1587.6459980812142,62703.38430145181,-297118.6221604882,13906.122217079374,5697.110107130953
2.7527116237461424,-17608.524410948645,2034.695933839219,57632.92374297881,-291494.8278209811,13760.941079944707,4302.895286172723
2.768762420386061,-18088.610249975296,2481.745869597311,52536.647386317,-285308.9084144491,13568.900595410716,2885.8123731302367
2.784813217025981,-19051.28048192061,1552.5830442522129,47599.713385214534,-277416.9159265442,13786.731464588265,2717.1998693529094
2.8008640136658993,-19447.317792008245,3532.0854922716826,42009.66037116553,-271040.60537941876,13580.316531260849,1405.9571360500886
2.8169148103058195,-19637.846311731173,3242.353953288357,36548.12523765486,-263012.43695930846,13181.737377932328,-511.46165632455086
2.832965606945738,-18877.999652583116,5744.209294854874,31609.609492342228,-252940.08650889504,13868.520762366856,967.4720390607399
2.849016403585658,-18984.844902544002,6172.639290395076,26318.173279631712,-243430.7388291706,13470.038970860307,-33.31099183781771
2.8650672002255764,-18554.464511828664,6480.491953806442,21650.840491788633,-233574.9118546542,12168.811293982399,-913.4980660456022
2.8811179968654965,-18824.52773524588,6870.670301399112,16359.34085758794,-223309.5834822352,11879.743548758735,-1908.1189798568387
2.897168793505415,-19094.590958663033,7260.848648991592,11059.390834145328,-212723.18866556353,11564.560959840674,-2885.8191928566503
2.9132195901453333,-19364.654182080216,7651.026996584122,5750.990421460047,-201815.72740463755,11223.263527228173,-3846.5987050451145
2.9292703867852534,-19874.033188783316,7879.424901719263,-659.7572083982302,-191211.94049016878,10879.385659487674,-4687.038776311536
2.945321183425172,-19898.08622965169,8454.307784202523,-5729.87364445162,-179307.75690000327,10581.39364573161,-5440.869987019312
2.961371980065092,-19922.139270520052,9029.190666685892,-10786.269705326711,-167078.56615524064,10258.795148957952,-6176.191441930703
2.9774227767050103,-19607.609350652583,10419.497421305743,-15835.226437834413,-154520.8314520026,10074.484497503181,-7071.692204950348
2.9934735733449305,-20089.44743244978,9922.119409251078,-21124.495314615564,-141365.48932049045,10224.305699799686,-7019.877379141733
3.009524369984849,-19700.558285029398,10637.78349233486,-27239.285896261907,-128936.3324906046,9834.910691568373,-7633.340339519344
3.025575166624769,-19311.669137608995,11353.447575418744,-33471.86413871774,-116342.12652350262,9412.285257036867,-8229.39829556327
3.0416259632646874,-18922.779990188606,12069.111658502512,-39822.2300419818,-103582.87141918746,8956.429396205254,-8808.051247273357
3.0576767599046075,-18751.280102027154,12004.405627422988,-45620.68836672736,-90237.09731753165,8106.28588677599,-9833.87731756574
3.073727556544526,-18679.860617453185,12199.589437849307,-51245.940770851106,-76806.60824548734,7142.9745562477,-10783.775006132586
3.0897783531844443,-18608.441132879212,12394.773248275618,-56834.473549222064,-63269.545066555955,6159.350641394809,-11706.568806183703
3.1058291498243644,-18537.021648305228,12589.957058701948,-62386.28670184098,-49625.90778073613,5155.41414221722,-12602.258717719165
3.121879946464283,-17590.024956973786,13032.524959846582,-67760.76291345863,-35865.51331964824,3983.9070235362633,-13495.03878918002
3.137930743104203,-18061.16182900245,13632.182660462928,-73567.72322157424,-22076.72023340858,3031.288353067979,-13048.8551282039
3.1539815397441213,-17747.73160198373,13794.790934505596,-78891.811728052,-8519.39704307702,3200.945861137612,-13184.359554122342
3.1700323363840415,-17434.30137496494,13957.399208548264,-84164.73042418835,5001.6178426535735,3369.0743870338733,-13288.857892420032
3.18608313302396,-18249.753917764618,13651.874825643086,-88841.48254479705,18736.950369853963,3473.829594860552,-13412.964677654049
3.20213392966388,-17743.61760051389,13657.344104966585,-93847.28190970892,32328.743410339568,3545.1414761506057,-13554.861052461294
3.2181847263037984,-17237.48128326321,13662.813384290084,-98743.32600997709,45792.79515554638,3616.8847370405,-13658.486354219278
3.2342355229437185,-17289.69823142202,13165.131250980743,-102813.44107067893,59774.651094775225,4429.407885609951,-13047.09360874478
3.250286319583637,-16176.292180338893,13677.366599892963,-108158.77320645012,72425.22106168412,3802.304859484062,-13525.169925587707
3.266337116223557,-15062.886129255678,14189.601948805284,-113398.5306272855,84927.10447291777,3176.1055469610437,-13982.526656353224
3.2823879128634754,-13949.480078172557,14701.83729771752,-118532.71333318397,97280.30132847338,2550.809948040871,-14419.163801041148
3.298438709503394,-12836.074027089457,15214.072646629771,-123561.32132414609,109484.81162835239,1926.4180627235473,-14835.081359651558
3.314489506143314,-11722.66797600624,15726.307995542084,-128484.35460017242,121540.6353725561,1302.9298910090147,-15230.279332184517
3.3305403027832323,-10329.428657041974,15612.009463305127,-133083.20895134207,132721.5745297229,443.8568281867128,-14942.843957668356
3.3465910994231525,-9655.894221901352,15521.96092218937,-138386.24610399478,143732.11052818265,497.5021856780065,-14705.769156145832
3.362641896063071,-8982.359786760802,15431.912381073618,-143532.9729154965,154565.55341605438,549.8525882387803,-14435.114303692199
3.378692692702991,-10509.835031220775,14663.070574152367,-146388.92017359837,165740.5732375944,-2054.4091124861334,-14917.953612736143
3.3947434893429094,-10104.139760444212,14423.144797489149,-150278.40020658067,176048.77016370196,-2294.561444241499,-14660.727611373735
3.4107942859828295,-9698.444489667574,14183.219020825878,-154000.20572204026,186011.2143200147,-2523.0444890229155,-14368.806171937184
3.426845082622748,-9292.749218891011,13943.29324416267,-157554.3367199765,195627.90570653067,-2739.8582468302793,-14042.189294426631
3.442895879262668,-8887.053948114402,13703.367467499436,-160940.79320039027,204898.8443232519,-2945.0027176636577,-13680.87697884192
3.4589466759025864,-8481.358677337827,13463.441690836218,-164159.57516328053,213824.03017017618,-3138.47790152301,-13284.869225183167
3.4749974725425066,-8075.663406561205,13223.515914172962,-167210.68260864812,222403.4632473056,-3320.283798408382,-12854.166033450278
3.491048269182425,-7669.968135784626,12983.590137509738,-170094.11553649235,230637.14355463837,-3490.4204083197255,-12388.767403643351
3.5070990658223433,-7264.272865008056,12743.664360846522,-172809.87394681375,238525.07109217535,-3648.8877312570653,-11888.673335762353
3.5231498624622635,-7354.634630320366,10381.618310313223,-174640.53304444795,241784.70528482858,-4234.961400488356,-10618.243489877827
3.539200659102182,-4614.510411860099,12480.04165046565,-173388.80216815678,252474.536851294,-5230.659239986079,-11478.245110525713
3.555251455742102,-3699.5774753788573,12174.045384736199,-175739.92261616833,257497.65202616988,-5486.433905319896,-11184.571429860143
3.5713022523820204,-2784.6445388977336,11868.04911900682,-177720.3098736786,262233.8405525085,-5729.4231202258525,-10859.4848852289
3.5873530490219405,-2520.8851182084945,11647.495614272131,-179007.9891574817,266631.5751589063,-6372.275819554676,-10419.069256028937
3.603403845661859,-2260.7636510765296,11695.43375566804,-179981.71907793358,270548.35808802786,-7080.82017193331,-9770.411865796788
3.619454642301779,-2000.6421839444884,11743.37189706391,-180619.91129760476,274120.70721435756,-7775.112074030577,-9094.031767975022
3.6355054389416974,-1740.520716812578,11791.31003845988,-180922.56581649501,277348.62253789435,-8455.151525846533,-8389.928962563681
3.6515562355816176,-195.93439370995475,10721.47220355444,-180334.54431134518,279629.988000161,-7599.473261229941,-8946.870154695676
3.667607032221536,479.83781143010856,10357.634685543839,-179740.65761903985,281639.75514951546,-7773.780819731492,-8626.377113602877
3.683657828861456,1155.61001657023,9993.797167533165,-178923.13874012392,283213.93272565294,-7929.38795464033,-8290.051319600861
3.6997086255013745,1831.3822217103007,9629.959649522534,-177881.98767459765,284352.5207285734,-8066.294665956379,-7937.892772689612
3.715759422141293,2507.154426850364,9266.12213151189,-176617.20442246096,285055.5191582767,-8184.500953679668,-7569.9014728691445
3.731810218781213,3564.7296142513624,9044.87973868665,-175050.9197705321,285360.9895876786,-8225.88630381196,-7180.268573248584
3.7478610154211314,4346.136445079663,8164.024204958352,-173398.2576921585,285158.16416826646,-8270.246072176007,-7028.94665027922
3.7639118120610515,5127.54327590802,7283.168671229903,-171491.629802761,284555.9731240913,-8286.661854492857,-6860.86852290258
3.77996260870097,5908.950106736361,6402.313137501512,-169331.03610234006,283554.41645515343,-8275.133650762506,-6676.0341911187425
3.79601340534089,6690.356937564713,5521.4576037731385,-166916.4765908951,282153.49416145234,-8235.661460984975,-6474.443654927502
3.8120642019808084,6728.628641811819,5452.867602362164,-163546.35410765125,280152.31470618,-8645.81258781062,-6479.680719819554
3.8281149986207286,5857.74796565999,6359.969640577001,-161715.54900789447,278268.8635335504,-8654.077982671442,-6074.8709803370475
3.844165795260647,7583.27488556649,5603.254765051572,-157069.96612798233,274580.38541818963,-7714.565677137383,-6265.598720843685
3.860216591900567,7712.151997756175,5204.907054431859,-152436.1930644663,270156.3989532055,-9827.458014522374,-5453.611461553375
3.8762673885404855,8510.982078175499,4690.095633760906,-147958.16681258648,265444.4135187224,-9857.500264715105,-4980.257540830338
3.8923181851804056,9309.81215859494,4175.284213089808,-143260.84720315807,260408.04842452865,-9824.094165410186,-4479.842827743294
3.908368981820324,10108.642239014276,3660.4727924188664,-138344.2342361818,255047.30367062494,-9727.2397166077,-3952.3673222918915
3.9244197784602424,10907.472319433546,3145.6613717479886,-133208.32791165783,249362.17925701148,-9566.936918307638,-3397.8310244763634
3.9404705751001625,11706.302399852893,2630.8499510769907,-127853.12822958543,243352.67518368742,-9343.185770509934,-2816.2339342966698
3.956521371740081,12442.099778112075,2349.5247370196867,-122656.35865448332,238772.9493469837,-9336.897416914857,-945.536171288375
3.972572168380001,13149.614517196207,1777.3902811555272,-117266.43046171762,231798.4475378558,-9295.845383584237,-615.3323233479605
3.9886229650199194,12509.517668483815,1705.737401649766,-111805.24546730368,224426.74374125677,-9884.316169819162,-80.02705409137707
4.00467376165984,12714.779852162636,1312.9415976376686,-106495.92201958402,216584.39639399087,-9769.135802535417,84.87768867119303
4.020724558299758,12920.042035841434,920.145793625672,-101208.54389033417,208388.86869594594,-9654.3647835064,244.81804799991733
4.036775354939678,13114.917416291128,-17.621645590237108,-95252.94307702541,198435.27558684562,-9321.473119635439,-169.42432272591032
4.0528261515795965,14086.192061884401,-138.07995057929668,-84471.85059305992,191969.86561199545,-7189.092186156211,1051.5368253825036
4.068876948219517,14734.273938136881,-442.5216520592944,-78019.67520788427,182770.34531239732,-7380.286582599811,948.2492575013675
4.084927744859435,15382.355814389291,-746.9633535392732,-71470.15684917504,173356.02075532923,-7560.731218336002,849.513777278753
4.100978541499355,16030.43769064176,-1051.4050550192546,-64823.29551693081,163726.89194078906,-7730.426093364826,755.3303847146744
4.1170293381392735,16678.519566894178,-1355.846756499237,-58079.09121115308,153882.95886877904,-7889.371207686256,665.699079809172
4.133080134779192,17326.6014431466,-1660.2884579792162,-51237.543931841035,143824.2215392979,-8037.566561300291,580.6198625621655
4.149130931419112,18189.23549216072,-2037.9654958657666,-42588.427196708064,133449.29234174514,-6627.43207924635,616.4943395927621
4.16518172805903,18032.66308756278,-2531.9941208519085,-35758.43010039971,122817.62125065224,-6416.433397540446,494.6882355484504
4.181232524698951,17876.09068296483,-3026.0227458381014,-29000.947244025083,112032.91050193718,-6197.802066492696,371.21103544165817
4.197283321338869,17719.51827836689,-3520.0513708242506,-22315.97862758568,101095.16009560222,-5971.538086103164,246.06273927235725
4.213334117978789,17562.945873768935,-4014.0799958104617,-15703.52425108006,90004.37003164514,-5737.641456371792,119.24334704055138
4.2293849146187075,17406.37346917101,-4508.108620796604,-9163.58411450966,78760.54031006835,-5496.112177298633,-9.247141253717018
4.245435711258628,17249.801064573054,-5002.137245782807,-2696.1582178730223,67363.67093086928,-5246.9502488836315,-139.40872561050037
4.261486507898546,17093.228659975106,-5496.165870768946,3698.753438828391,55813.761894050505,-4990.155671126843,-271.24140602977786
4.277537304538466,16110.841621111655,-6314.715353341801,9675.489500067848,43966.491975778656,-4566.872161478512,-319.8259096752241
4.2935881011783845,16394.941740080747,-6522.738744569815,16860.782366314914,32537.566657456515,-4975.554634478164,-664.6643635158657
4.309638897818305,19074.56682943641,-6060.404845796824,23387.77950356496,20857.748463259486,-4666.763645172657,-794.5930977336371
4.325689694458223,19542.369074965594,-6225.71275081173,29562.427068989393,9203.035707504636,-4738.811521497492,-940.2870585490651
4.341740491098141,20010.17132049475,-6391.02065582663,35579.45354711696,-2493.3552221227196,-4805.974454521047,-1077.6096244046666
4.357791287738062,20477.973566023982,-6556.328560841552,41438.85893794816,-14231.424325623851,-4868.252444243284,-1206.5607953004624
4.37384208437798,20945.775811553147,-6721.636465856455,47140.64324148182,-26011.17160299621,-4925.64549066421,-1327.1405712364144
4.3898928810179,20940.92990709361,-6791.596581136364,53331.564919901146,-37970.61384081914,-4485.149877241373,-1484.7396338017181
4.4059436776578185,20853.1711717267,-7227.108503485422,59463.38142163374,-49464.259733174265,-3816.3630058711065,-1339.3722525933385
4.421994474297739,16267.568732794538,-9117.422750584808,61281.43072230295,-62354.871884227105,-3068.802374375205,-1208.317082382664
4.438045270937657,19544.255688444253,-7954.4509203516045,67963.17510273679,-73431.89164040098,-1625.2014281273064,-860.3913929308983
4.454096067577577,19454.619884318403,-8033.138310622542,73073.42869333536,-84750.18210302958,-1476.51045940344,-944.0596391156923
4.4701468642174955,19364.984080192535,-8111.825700893436,77935.46615285958,-95966.97604685512,-1326.6524148985936,-1020.0025646869472
4.486197660857416,19275.34827606669,-8190.513091164385,82549.28748131049,-107082.27347188003,-1175.627294612732,-1088.2201696446828
4.502248457497334,19185.712471940817,-8269.200481435279,86914.89267868722,-118096.07437810191,-1023.4350985459205,-1148.7124539888719
4.518299254137254,19096.076667814974,-8347.887871706216,91032.2817449905,-129008.37876552316,-870.0758266980629,-1201.4794177195872
4.534350050777173,19006.44086368911,-8426.575261977125,94901.45468021951,-139819.18663414128,-715.5494790692246,-1246.5210608367524
4.550400847417091,18916.805059563274,-8505.262652248053,98522.41148437474,-150528.49798395764,-559.856055659422,-1283.837383340393
4.566451644057011,18827.16925543741,-8583.950042518976,101895.15215745658,-161136.31281497335,-402.9955564685788,-1313.428385230527
4.5825024406969295,18737.533451311563,-8662.637432789903,105019.67669946422,-171642.63112718594,-244.96798149673668,-1335.2940665071455
4.59855323733685,20493.43739506662,-8220.716420732111,107221.12296045772,-182282.0662351668,-1225.4924764687344,-1640.06283324406
4.614604033976768,18031.550479527777,-9692.22573872274,105042.46684964365,-191373.05783428348,445.2986783951247,-2012.7498439803187
4.630654830616688,16951.90709057328,-8658.875921742652,107097.35963444534,-201816.90178012016,279.5314742320188,-1111.0222386652022
4.6467056272566065,16742.394945870732,-8608.201243633997,107602.95981807762,-210555.9715981193,1007.9407546625007,-1171.156271053158
4.662756423896527,16532.882801168158,-8557.526565525346,107819.9433286539,-219052.16455058308,1722.9010967545037,-1239.036123660073
4.678807220536445,16323.370656465606,-8506.851887416677,107748.31016617437,-227305.48063751,2424.412500507853,-1314.6617964859179
4.694858017176365,15996.867392241897,-8315.981093829207,107383.57934642327,-235303.25165404705,2610.3229714270747,-785.1233048387585
4.710908813816284,15672.142751929237,-8184.031145239969,106680.6503690075,-242931.1559618085,2946.892439375668,-663.9682080471757
4.726959610456204,15347.418111616553,-8052.081196650754,105710.27761102923,-250289.81156736726,3271.8031354713967,-540.2879131140508
4.743010407096122,15022.693471303859,-7920.131248061429,104472.46107248854,-257379.21847072156,3585.0550597142155,-414.082420039369
4.7590612037360405,14697.968830991205,-7788.181299472217,102967.20075338556,-264199.37667187257,3886.6482121041718,-285.35172882327606
4.775112000375961,14373.244190678506,-7656.2313508829175,101194.49665371988,-270750.2861708207,4176.582592641256,-154.09583946547355
4.791162797015879,14048.519550365836,-7524.281402293658,99154.34877349187,-277031.9469675644,4454.858201325453,-20.314751966285257
4.807213593655799,13347.242554924556,-7900.26309340542,96625.46920235625,-282842.83495514543,4629.566412300415,-7.962392842542158
4.8232643902957175,12839.627666583465,-7328.526091867359,93617.94049900102,-288225.2500027343,4927.269254693792,468.12593236237444
4.839315186935638,12890.042876785803,-7345.786748432409,90587.46449902371,-293034.22633650945,4609.5873555974285,1440.2174359017881
4.855365983575556,12065.350214502801,-6661.457067344862,87640.67402637708,-297371.5197732555,4893.555009854716,1757.9306425861923
4.871416780215476,11240.657552219713,-5977.127386257256,84461.00395358281,-301381.2604447401,5153.87370447797,2066.332773082777
4.887467576855395,10415.964889936684,-5292.797705169709,81048.45428064145,-305063.44835096214,5390.543439467061,2365.4238273918163
4.903518373495315,9552.29384777914,-4118.1746262667875,77484.11149512307,-309173.6977522933,5615.244520275248,2605.675591345723
4.919569170135233,9103.440388134812,-4154.067485769105,73287.38358376098,-311659.97178600664,5862.538645076037,2769.40416092629
4.935619966775153,8654.58692849044,-4189.96034527148,68907.7611375541,-313796.35022840044,6110.248409602073,2929.6375722865196
4.951670763415072,8205.73346884612,-4225.85320477387,64345.24415650341,-315582.8330794745,6358.373813853341,3086.375825426312
4.96772156005499,7756.880009201785,-4261.746064276202,59599.83264060843,-317019.42033922876,6606.914857829837,3239.6189203457834
4.98377235669491,7308.026549557413,-4297.638923778577,54671.52658986864,-318106.11200766347,6855.871541531593,3389.3668570448935
4.9998231533348285,6859.1730899131,-4333.531783281011,49560.3260042851,-318842.90808477846,7105.243864958578,3535.619635523588
5.015873949974749,6316.874492276493,-2059.559164615377,44612.64680881896,-318737.8491789859,7239.965682156428,4941.499366307617
5.031924746614667,5823.144842304182,-1429.222622799236,39686.16226197255,-318497.86507393676,7385.480920340782,5362.1785503124265
5.047975543254587,5329.415192331824,-798.8860809829348,34763.84657579652,-317883.4951259819,7514.789919891131,5778.604296444442
5.064026339894506,4108.529112542674,1513.6605375501094,30083.34294552409,-317015.71368444717,7770.087789614903,5883.7149850825135
5.080077136534426,3553.614505829428,1664.8068274783873,25200.419805096106,-315191.52273085195,7718.095549825662,6903.64198182061
5.096127933174344,3366.0707006104403,-119.50283512681813,20331.53292759873,-314314.5480349287,7767.880783433855,7546.663285158792
5.112178729814264,2685.2741694785914,523.058644178439,14899.717877003235,-312088.7769682103,7919.202448736096,8109.24230028796
5.128229526454183,2004.4776383468056,1165.6201234836606,9512.650311779767,-309497.59945282637,8036.459989635154,8650.142695412887
5.144280323094103,1323.6811072149521,1808.181602788918,4170.330231927124,-306541.01548877615,8119.653406131105,9169.364470533621
5.160331119734021,642.8845760831713,2450.7430820941254,-1127.2423625535375,-303219.02507606015,8168.7826982238885,9666.907625650116
5.1763819163739395,-37.91195504860775,3093.3045613993204,-6380.067471662809,-299531.6282146781,8183.847865913543,10142.772160762359
5.19243271301386,-718.7084861804647,3735.866040704589,-11588.145095401253,-295478.8249046295,8164.848909200048,10596.958075870416
5.208483509653778,-1399.5050173122445,4378.427520009802,-16751.475233767764,-291060.6151459152,8111.785828083416,11029.46537097423
5.224534306293698,-3723.352210478751,4495.818248009529,-19197.700475085672,-287805.83833879995,8100.040509994307,11930.739224808098
5.240585102933617,-2776.727597508452,9896.10511387745,-22539.410139567473,-276391.6354563458,9029.971806358113,15442.390603316962
5.256635899573537,-4772.610887306234,5981.733920244746,-26224.688255795452,-268524.9073696126,7684.413697697601,11874.208185054977
5.272686696213455,-3944.467029192355,6974.3889947464295,-36724.11413820202,-262932.9376223893,10668.816624949508,13116.541567821147
5.288737492853375,-4493.084075501734,7653.267594979983,-39548.93887878122,-255137.83318576563,10549.159622061217,13479.823624305869
5.304788289493294,-5041.701121811054,8332.146195213449,-42107.31963035308,-247145.3603218605,10396.564905057821,13818.049997502947
5.320839086133214,-5590.318168120439,9011.024795446987,-44399.256392918156,-238955.51903067215,10211.032473939269,14131.220687412513
5.336889882773132,-6138.935214429753,9689.903395680476,-46424.749166475944,-230568.30931220244,9992.56232870561,14419.335694034411
5.3529406794130505,-6687.552260739081,10368.781995913914,-48183.79795102666,-221983.73116645022,9741.154469356807,14682.395017368759
5.368991476052971,-7236.169307048469,11047.66059614745,-49676.402746570486,-213201.78459341472,9456.808895892837,14920.398657415537
5.385042272692889,-7784.786353357789,11726.539196380905,-50902.56355310713,-204222.4695930979,9139.525608313774,15133.346614174732
5.401093069332809,-8333.40339966717,12405.417796614447,-51862.28037063682,-195045.7861654977,8789.30460661953,15321.238887646346
5.417143865972728,-8882.020445976486,13084.296396847918,-52555.55319915935,-185671.73431061616,8406.145890810189,15484.07547783034
5.433194662612648,-9430.63749228587,13763.174997081456,-52982.38203867492,-176100.31402845128,7990.0494608857,15621.856384726863
5.449245459252566,-9979.254538595183,14442.053597314953,-53142.76688918339,-166331.52531900513,7541.0153168461,15734.58160833571
5.465296255892486,-12282.07491843404,14684.605657361175,-52831.59211770895,-156265.08902225288,7694.83030689676,15884.11033111178
5.481347052532405,-13393.430658747271,15156.20949830503,-52879.6256984183,-146108.32593379988,7314.395848876813,15833.29486368069
5.497397849172325,-14504.786399060627,15627.813339248929,-52632.631874824976,-135752.92123699162,6913.957044685938,15738.331232075132
5.513448645812243,-12878.029452000315,15946.418787112862,-52166.51730449289,-125275.12978797837,7640.303469622969,15630.666385468758
5.529499442452163,-13239.984544134495,16432.942253297675,-50351.8942134774,-115033.17665123964,7130.016804608873,15901.771805901479
5.545550239092082,-13601.939636268642,16919.465719482432,-48201.47531455918,-104749.01914185683,6590.530002866124,16134.740339202788
5.561601035732,-13963.894728402742,17405.989185667226,-45715.26060773809,-94422.65725982879,6021.8430643946585,16329.571985372664
5.57765183237192,-15816.62265134901,19193.853381930305,-44669.25014122636,-82369.23973314032,5923.619530338556,16337.13070616491
5.593702629011839,-15976.457690623003,19651.858863259364,-41254.152809566636,-71899.74043855495,6065.766568461635,16159.924809385519
5.609753425651759,-16142.570240604206,20271.207567421385,-37478.887098417836,-61574.71363644414,6190.242033060046,16444.38951590067
5.625804222291677,-16399.8226113019,20701.084622818962,-33204.1067106042,-51171.044916122664,6113.206991534466,16057.355124409294
5.641855018931597,-16657.074981999645,21130.961678216576,-28641.22439126028,-40834.612996649856,6018.36187999819,15641.445090002439
5.657905815571516,-16914.327352697346,21560.838733614153,-23790.240140387035,-30565.41787802799,5905.7066984512,15196.659412680121
5.673956612211436,-17171.57972339506,21990.715789011774,-18651.15395798343,-20363.459560254825,5775.241446893483,14722.99809244227
5.690007408851354,-17552.49900729594,22257.876681413167,-13162.323385362013,-10285.060497068089,5639.101687245533,14290.76035404966
5.706058205491274,-17873.650415702123,22727.011098356605,-7215.33559273681,-457.26153144414,5434.6142819092565,13882.186795918602
5.722109002131193,-18194.80182410825,23196.145515299966,-994.4422158202825,9197.09016994395,5208.943432745592,13445.99202239937
5.738159798771113,-18515.95323251444,23665.2799322434,5500.35674538894,18677.994607098342,4962.089139754481,12982.17603349188
5.754210595411031,-18837.10464092058,24134.41434918678,12269.061290889435,27985.451780016938,4694.051402935974,12490.738829196236
5.77026139205095,-19158.256049326716,24603.54876613014,19311.671420681905,37119.4616887008,4404.830222290048,11971.680409512388
5.78631218869087,-19606.942358079108,25040.160099334644,26385.595785733996,46160.68404281193,4463.720321906942,11540.034940770183
5.802362985330788,-20015.29520926004,25511.616092337743,33745.20506001032,55081.767206088734,4327.943953906873,10939.961537580766
5.818413781970708,-20423.648060441014,25983.072085340897,41372.56911568269,63832.8171152014,4177.392035740098,10310.15221219579
5.834464578610627,-20832.00091162193,26454.528078343978,49267.68795274942,72413.833770148,4012.0645674066654,9650.60696461537
5.850515375250547,-19460.12782736316,26510.374987915402,59036.15699433386,78743.40553029273,3358.4136524622113,9030.887073324771
5.866566171890465,-20567.667764151865,27189.257994575684,67968.00303432667,86166.13910168316,2648.0107289977345,8649.436845763283
5.882616968530385,-20493.99855201501,28768.651480067114,77252.94938870065,94573.7127816195,2621.240957749552,9476.578208066065
5.898667765170304,-20478.095072287655,28652.724942980247,86566.07582580559,100288.06737542516,2483.7793394713744,8376.904320197238
5.914718561810224,-20462.191592560295,28536.798405893358,95960.84704536696,105614.42640171599,2331.249083316503,7262.218946335583
5.930769358450142,-20446.288112832925,28420.871868806462,105437.26304738269,110552.78986049096,2163.650189285054,6132.522086481447
5.946820155090062,-20638.03224467502,28329.88994394691,114956.7323137386,115106.79138792797,1083.3217053117514,4853.596119082969
5.962870951729981,-20660.940193696817,28377.78677626072,124502.31784141062,119271.40120179272,827.7207060223154,4061.4329296403957
5.978921748369899,-20683.84814271858,28425.683608574574,134104.0984712392,123050.11933379754,586.2156642566952,3261.549690005151
5.994972545009819,-20706.756091740357,28473.580440888392,143762.07420322538,126442.94578394273,358.80658001498705,2453.9464001772612
6.011023341649738,-20729.664040762196,28521.477273202207,153476.24503736707,129449.88055222768,145.4934532971456,1638.6230601568022
6.027074138289658,-20752.571989783974,28569.374105516028,163246.61097366633,132070.9236386529,-53.72371589692193,815.5796699435887
6.043124934929576,-20775.47993880578,28617.270937829842,173073.17201212107,134306.0750432179,-238.84492756705822,-15.183770462139364
6.059175731569496,-20846.17312660429,27813.796600450907,183018.20864018475,136704.40407039618,-403.3856589079546,-904.3072085684983
6.075226528209415,-20395.009906302497,28247.729870265717,192665.8632093686,137401.369228244,-450.37822247730537,-1474.084899726604
6.091277324849335,-20151.11527071496,30157.686272332736,202363.10070715583,136372.54447497588,-265.79940431697287,-3652.6432430608365
6.107328121489253,-19728.61297773524,30628.005124643212,211735.91661971988,136569.303617299,-278.2369932345582,-4076.068140629419
6.123378918129173,-19306.110684755564,31098.323976953692,221076.69358234687,136337.12475995463,-297.22120918905694,-4488.866695839821
6.139429714769092,-18883.608391775855,31568.64282926421,230385.43159503496,135676.0079029431,-322.7520521805711,-4891.038908692051
6.155480511409012,-18018.586729633593,29190.07770521333,239561.46755796316,132936.93255734723,-432.364266777342,-5542.69050782834
6.17153130804893,-17622.40339608697,29257.11500129439,248340.69439749466,130568.19512527731,-557.2302727657807,-6115.842202137857
6.187582104688849,-17226.220062540247,29324.1522973755,256907.10495062423,127774.79507069504,-671.020841030695,-6674.9539167099665
6.203632901328769,-16830.03672899346,29391.189593456642,265260.6992173526,124556.7323935998,-773.7359715720231,-7220.025651544705
6.219683697968687,-16486.412103100854,29899.793857315053,273367.86303437257,121227.26732834661,-770.205711730654,-8407.326020975219
6.235734494608607,-16108.35895038522,29941.549082324334,281320.2152963108,117438.33429458825,-693.879757742412,-8965.635772992713
6.251785291248526,-15730.305797669607,29983.304307333598,289139.3012510374,113203.31967628332,-612.5542257657362,-9503.659530105131
6.267836087888446,-16308.449468276827,28974.00350615672,295018.5896127018,106588.92113559703,-949.4705689453767,-10266.326168219717
6.283886884528364,-16401.943633879826,28518.663473822882,301942.22350239765,100965.92249457628,-1397.9192463105283,-10853.07370017378
6.299937681168284,-16495.437799482897,28063.32344148898,308709.1441467582,94917.3981433954,-1843.3335167916666,-11420.002034227906
6.315988477808203,-13545.727901308797,27804.802492318937,316469.65759521513,88510.55476906859,-2279.8003842445905,-12029.327487943567
6.332039274448123,-15696.910462692416,28427.322569352913,322402.7036448354,80891.07110561334,-2897.4128616186968,-12732.925480889815
6.348090071088041,-15141.63810924178,28293.795837928843,327730.2030840645,72800.46791302574,-2780.8780988251856,-13335.451263656669
6.364140867727961,-14586.36575579105,28160.269106504787,332746.9642219467,64367.04755873607,-2661.649968731217,-13903.033069854726
6.38019166436788,-14031.093402340544,28026.742375080707,337452.9870584812,55590.810042746234,-2539.7284713367094,-14435.67089948387
6.396242461007798,-13328.097547434016,27541.901952980945,341189.809006355,47144.15682152589,-2635.0662939761423,-14620.608995410304
6.412293257647718,-12877.99965737779,27486.08677406571,345105.9739080041,37468.380625087244,-2690.719265578926,-14840.063766995674
6.428344054287637,-13178.93223282337,27193.284822002035,348799.6026699104,27531.950376655554,-3899.627373763936,-15377.902781683037
6.444394850927557,-12417.875923780159,27042.171455130592,351362.07119479415,17254.649025610626,-3455.9121987082226,-15651.410735918183
6.460445647567475,-11656.819614736934,26891.058088259168,353555.5690926449,6763.743823591476,-2999.5164429212955,-15895.383544210905
6.476496444207395,-10895.763305693645,26739.944721387725,355380.0963634633,-3940.765229404209,-2530.4401064026515,-16109.821206561208
6.492547240847314,-10134.706996650435,26588.831354516304,356835.65300724894,-14858.87813337402,-2048.6831891527363,-16294.72372296906
6.508598037487234,-9373.650687607193,26437.71798764485,357922.2390240017,-25990.594888320447,-1554.2456911711938,-16450.09109343453
6.524648834127152,-8612.59437856399,26286.604620773433,358639.85441372223,-37335.91549424098,-1047.1276124581702,-16575.923317957564
6.540699630767072,-6661.273767584501,27090.400092958283,359216.37082929164,-48699.96904271839,-1939.3501404373596,-17570.62733781133
6.556750427406991,-5738.641167514711,27034.58926740431,359442.52348838525,-60245.54729617687,-1483.2618375511593,-17354.530282315278
6.572801224046911,-7449.5756073598395,25900.468846984808,355946.8496225947,-73386.93990831822,-1620.9417117081566,-17301.15069066246
6.588852020686829,-7193.570836275076,25712.367840813495,354709.0871613708,-85399.98879304994,-1658.8355465160985,-17160.421527629456
6.604902817326748,-6937.566065190402,25524.26683464222,353098.15746406553,-97532.49088769172,-1693.8105337237353,-16997.07067453979
6.620953613966668,-6681.561294105577,25336.16582847089,351114.0605306782,-109784.44619224478,-1725.8666733310647,-16811.098131393446
6.637004410606586,-6425.556523020836,25148.064822299595,348756.7963612094,-122155.85470670648,-1755.0039653378917,-16602.503898190458
6.653055207246506,-4921.0694416885235,23862.58396262144,345677.28196309466,-134487.97149903022,-811.2549924869891,-17183.747621635724
6.669106003886425,-4194.88308332413,23653.243800623903,342029.83493715606,-146853.337795804,-311.4069058542191,-17012.442470042603
6.685156800526345,-3468.6967249597656,23443.90363862635,338036.5139615482,-159140.53944853978,191.02631326192386,-16813.928889417733
6.701207597166263,-3510.2012170435155,23567.131198348896,332587.4800392416,-170796.87091441496,-1203.6698541431397,-15636.035891835847
6.717258393806183,-2853.337134194586,23245.668092565153,327583.30913760985,-182813.07333553975,-962.2663376712808,-15334.766012133972
6.733309190446102,-2196.473051345696,22924.204986781446,322248.1283209539,-194740.47149977618,-706.3376848785119,-14998.056096817934
6.749359987086022,-1539.6089684966828,22602.74188099767,316581.93758927286,-206579.0654071269,-435.88389576470945,-14625.906145887682
6.76541078372594,-448.60768458300663,21964.85364091759,311278.11715576437,-218837.33161643773,-101.06736249427195,-14239.374242357182
6.78146158036586,-493.6893937878158,22186.979497685585,304523.95436217263,-230087.60186837,-495.2063853831278,-13233.668506379225
6.797512377005779,-538.771102992544,22409.105354453495,297468.7906638662,-241165.35950291576,-887.5331654675028,-12189.836820850505
6.813563173645697,-583.8528121973777,22631.231211221526,290112.62606084475,-252070.60452007642,-1278.0477027477245,-11107.879185770671
6.829613970285617,-628.9345214021564,22853.357067989517,282455.46055310697,-262803.3369198531,-1666.7499972234714,-9987.795601139938
6.845664766925536,-0.18301080724972962,23352.522973537652,274180.62636302126,-272344.74843356194,-1055.900583683686,-10599.453778246285
6.861715563565456,736.2978814456164,22823.76307513425,266970.54496543837,-283412.617893254,-2426.2389876103407,-8261.251962900598
6.877766360205374,1186.0136810149388,22679.905324269115,258704.09573085807,-292997.38200292725,-2401.188192541267,-7748.421738215198
6.893817156845294,1635.7294805843358,22536.047573403885,250239.57272373827,-302251.1203900263,-2360.5817688642856,-7203.598096329282
6.909867953485213,2085.44528015365,22392.18982253875,241576.97594408103,-311173.8330545495,-2304.419716579425,-6626.7810372432505
6.925918750125133,2535.1610797230423,22248.33207167352,232716.30539188458,-319765.5199964989,-2232.7020356866487,-6017.970560956848
6.941969546765051,2169.687678072545,22380.65095275103,224499.3077680275,-328282.14719624136,-1144.5670544212321,-5627.4940795130715
6.958020343404971,2443.7876290055647,22318.677367351826,215314.20884442792,-336207.1609106077,-1178.2605452894572,-4675.49091774052
6.97407114004489,2717.8875799385123,22256.703781952667,205873.7936906457,-343836.2675765572,-1205.0444698936064,-3698.275059940856
6.99012193668481,2199.966090973479,23785.803263830694,193977.97707359504,-346786.3550787982,-1658.417555124659,-1864.665533025121
7.006172733324728,4536.842153356254,20886.741264523505,184486.21448218418,-353643.0635767239,450.68631433162864,-4047.334598884001
7.022223529964647,4666.1682691847855,20667.409601729007,174164.23577932763,-358608.77378829237,565.4659281053919,-3784.2112714732575
7.038274326604567,4795.494385013331,20448.077938934468,163815.07308504116,-363091.1811623841,672.891985824027,-3520.6968538124675
7.054325123244485,4924.820500841848,20228.746276139995,153438.72639932664,-367090.2856989979,772.9644874875016,-3256.79134590162
7.070375919884405,5054.146616670412,20009.41461334545,143035.1957221821,-370606.08739813487,865.6834330958563,-2992.4947477406995
7.086426716524324,5183.472732498965,19790.082950550917,132604.4810536097,-373638.58625979396,951.0488226490088,-2727.807059329665
7.102477513164244,5312.798848327497,19570.75128775643,122146.58239360708,-376187.78228397586,1029.0606561470304,-2462.72828066854
7.118528309804162,5442.124964156028,19351.419624961884,111661.4997421767,-378253.6754706802,1099.7189335899384,-2197.258411757415
7.134579106444082,5100.902808417795,21312.557972671362,101198.1693215784,-379580.9950294459,1412.9292001483482,-2775.539438861022
7.150629903084001,5539.141221706435,22334.217752672812,91120.53473879426,-381004.1470810404,1249.2838100556419,-2148.4732249765293
7.166680699723921,5977.379634995203,23355.87753267402,80959.70635939468,-381968.3842105509,1031.6222971524076,-1538.8425040547372
7.182731496363839,5249.420322602056,20924.967382133298,71695.46916226177,-378698.26574110024,1582.8886752560156,1117.5325707645734
7.198782293003758,5365.212594889104,20889.46056110403,61159.16016326495,-377766.66161892435,1470.206503403875,1644.9369513422225
7.214833089643678,8038.27875982148,23712.951683362975,50381.905902387545,-376448.48167781474,2334.2160273913746,3040.7632697424124
7.230883886283596,7548.631556218992,23117.178614484117,40651.90696157767,-373377.6020556744,1856.4488572071841,2581.666862710321
7.246934682923516,7058.9843526164705,22521.405545605303,31076.50464513833,-369817.8284880754,1365.9718052586086,2103.5920932191075
7.262985479563435,6016.010755859539,18232.802460468265,21734.857807718756,-365790.32424214843,1405.0640580045547,4278.838263777259
7.279036276203355,6200.717531292841,18371.623946042062,12532.19385225626,-361994.03152060555,1020.952413146113,4081.5920960296644
7.295087072843273,6385.424306726135,18510.44543161592,3369.6493859183247,-357733.4701933401,596.6783344313062,3866.8534322296036
7.311137869483193,6570.131082159433,18649.266917189787,-5752.775591297137,-353008.6402603511,132.24182186009784,3634.6222723769897
7.327188666123112,6754.837857592722,18788.088402763686,-14835.081079388088,-347819.54172163946,-372.35712456748115,3384.89861647175
7.343239462763032,6939.544633026031,18926.90988833756,-23877.267078356555,-342166.174577204,-917.1185048515235,3117.682464514248
7.35929025940295,7124.251408459316,19065.731373911323,-32879.33358820051,-336048.53882704617,-1502.0423189918724,2832.973816504258
7.3753410560428705,3748.5936574269826,14234.740542931584,-39312.39437219913,-325947.12245481083,-1417.3485358934915,3477.0896412025545
7.391391852682789,8926.242076309369,21812.84245436804,-47305.951480308475,-317638.4402574632,-195.3949522139182,6300.489249010355
7.407442649322707,6787.515365309266,18886.65579463855,-55577.62358934867,-309629.7239724712,-354.2382426614206,6985.559025460045
7.423493445962627,6489.08280906113,18628.20179588731,-62971.32691919974,-300606.7442839931,-762.3842934870707,6862.22709729838
7.439544242602546,6190.650252813032,18369.74779713608,-70241.07612434069,-291227.51879374904,-1185.6962499334365,6721.524823705638
7.455595039242466,5892.217696564899,18111.293798384893,-77386.87120477304,-281492.04750173714,-1624.1741120005772,6563.452204681878
7.471645835882384,6302.4069927932205,18375.912575499722,-82115.7425747518,-269542.76518663013,-1102.3189616873929,7196.920014180862
7.487696632522304,6502.6094707475495,18755.40218941067,-87960.3888721806,-257498.3150790253,-1637.0332778005559,5974.752383376788
7.503747429162223,6282.514801174468,18432.54267246304,-94325.86361009278,-246374.43465998073,-1419.9671405361296,6074.620510213572
7.519798225802143,6062.420131601407,18109.683155515442,-100529.0534465256,-234905.55860483547,-1175.6660519731813,6158.7486038069765
7.535849022442061,6831.2904106430715,19781.607529597946,-106977.32576982699,-222725.44833923815,-3757.9089238533334,6217.775003549239
7.5518998190819815,6048.083537021586,17546.148521951276,-112260.96645721122,-209239.41583033052,-5674.518637731683,5586.536102954063
7.5679506157219,6078.608740162959,17436.845086083136,-117288.51221629139,-196372.9140370065,-5673.411778266427,5834.027088791567
7.58400141236182,6109.133943304329,17327.541650214967,-122122.19285802821,-183409.25069856193,-5658.124291929544,6022.858542191043
7.600052209001738,6139.659146445723,17218.238214346842,-126762.00838242064,-170348.42581499944,-5628.656178721114,6153.030463152423
7.616103005641657,6170.1843495871,17108.934778478713,-131207.958789469,-157190.4393863176,-5585.007438641191,6224.542851675571
7.632153802281577,6200.709552728433,16999.631342610497,-135460.04407917403,-143935.2914125149,-5527.178071689668,6237.39570776073
7.648204598921495,6231.234755869824,16890.3279067424,-139518.26425153465,-130582.98189359442,-5455.168077866605,6191.5890314077515
7.664255395561415,6261.759959011193,16781.02447087421,-143382.61930655193,-117133.51082955237,-5368.977457172034,6087.122822616571
7.680306192201334,6292.285162152519,16671.721035006034,-147053.1092442245,-103586.87822039398,-5268.606209605872,5923.997081387384
7.696356988841254,6322.810365293917,16562.417599137865,-150529.7340645539,-89943.08406611325,-5154.054335168152,5702.211807720003
7.712407785481172,3727.431085334938,15437.462035829758,-154525.44691515487,-76454.85808834853,-4821.270803854073,5493.641991926173
7.7284585821210925,3677.3301704897895,15090.41721085362,-156831.22421041655,-62565.50602956877,-4499.634040036115,5258.552039729289
7.744509378761011,7090.381723078681,16255.094725221023,-156259.59912182557,-47561.24732877036,-7428.080919498978,3585.6048299677614
7.760560175400931,7136.601789369794,15836.165669021868,-158922.2604771951,-34355.06369306613,-7014.754475689625,3571.781651194701
7.776610972040849,7182.82185566095,15417.236612822742,-161418.86889860616,-21198.361593331465,-6585.487176077456,3541.799798906016
7.792661768680768,7574.716783910315,13844.741992516623,-163925.8296077669,-6997.085041779379,-6786.0071625194605,3245.0030180154326
7.808712565320688,6608.429771152136,13339.906750899732,-165231.0579128588,6234.77427014206,-7482.842014273789,3135.8842165233236
7.824763361960608,4166.77754908862,13255.95574950309,-165925.93440643075,18860.557880845474,-6774.654776058829,2643.0063465883577
7.840814158600525,4053.820724166785,12887.691667143063,-167753.70409261872,31258.26094049878,-7323.357868731375,2270.156381795665
7.856864955240445,3940.8638992449164,12519.427584782905,-169456.20327710215,43432.95000091388,-7846.910685891458,1898.2146895191036
7.872915751880365,3827.907074323073,12151.163502422769,-171033.43195988034,55384.62506208595,-8345.31322753883,1527.181269758822
7.888966548520285,3689.0357498688354,11693.900883842442,-172425.09500701982,67078.12363007716,-8850.528724407075,1348.5143371419617
7.905017345160202,3477.819668212429,11334.616689424693,-173619.38274914603,78534.23808875923,-9232.477207327316,938.2705767356947
7.921068141800122,3266.6035865559643,10975.332495006864,-174646.2373621057,89762.72972839331,-9589.863020098297,526.2195479265674
7.937118938440042,3055.387504899445,10616.048300588998,-175505.6588458986,100763.5985489781,-9922.686162720001,112.36125071462084
7.953169735079962,2844.171423242995,10256.764106171158,-176197.64720052455,111536.8445505111,-10230.946635192444,-303.30431490004844
7.969220531719879,2403.625524067902,9060.354892283944,-174467.25990769773,124140.99859987161,-10867.888439334922,-1126.1860908122183
7.985271328359799,2348.7666155228617,8546.602425272551,-175708.52705622907,132784.0799901014,-11114.045230248235,-1397.0371944100943
8.001322124999719,2293.9077069778505,8032.849958261145,-176810.20065928512,141033.0443117838,-11331.636244263522,-1659.749770435079
8.01737292163964,2375.5789342746466,8058.736155815488,-177813.52430528036,148392.60233081895,-11335.130464444157,-986.9994275575918
8.033423718279556,2617.040990841975,7185.774848304748,-177997.64427412898,155757.20980240754,-10783.29077727557,-1697.075297615189
8.049474514919476,2155.603917388896,6493.686448266884,-178312.75495118336,162721.70695853254,-11436.054346609208,-1975.391498393512
8.065525311559396,1694.1668439357745,5801.598048229085,-178551.20767145365,169231.82029063057,-12037.518980245524,-2234.818490739275
8.081576108199313,1077.372485109846,5374.716843160806,-179353.28112384246,176119.78566874337,-13096.422275592133,-1805.9170326799995
8.097626904839233,740.8185647563296,5157.306575912458,-179006.7741372833,181717.57846097328,-13134.442841535398,-2045.0006634257516
8.113677701479153,915.5537099708381,5008.446978490392,-178913.78956548966,186710.31538550882,-13108.82126507111,-2458.5089728879966
8.129728498119073,1639.4669432166866,4066.217042739467,-178619.2192424579,190861.39940120207,-13269.595424874831,-2628.2693978464567
8.14577929475899,1247.8210784396301,3100.5853069753903,-178794.211816881,194488.44208656793,-13334.007469278571,-2640.099786021223
8.16183009139891,654.6162911477586,2410.0212544793685,-178583.50809141019,197333.10695958036,-12794.889504767067,-3138.2895981531037
8.17788088803883,465.22227553911944,1522.5169099117556,-178494.75816110594,199777.78782321652,-12728.46685706955,-3347.5516437580955
8.19393168467875,288.29066361954756,1005.2180503916534,-178359.65033410187,201471.48945684478,-12639.436457080767,-3579.489650423755
8.209982481318667,329.7544749405861,757.6465809509973,-178415.17931108922,202625.7909538244,-12611.263855140533,-3790.593928636663
